"player_id_hash","pa","bb","so","hr"
"65ded5353c5ee48d0b7d48c591b8f430",41,5,13,0
"5878a7ab84fb43402106c575658472fa",174,4,40,5
"9fc3d7152ba9336a670e36d0ed79bc43",247,21,75,2
"7ef605fc8dba5425d6965fbd4c8fbe1f",10,1,4,0
"38b3eff8baf56627478ec76a704e9b52",188,14,46,2
"7f6ffaa6bb0b408017b62254211691b5",195,5,53,2
"73278a4a86960eeb576a8fd4c9ec6997",98,3,21,1
"5fd0b37cd7dbbb00f97ba6ce92bf5add",100,7,30,0
"7f1de29e6da19d22b51c68001e7e0e54",99,8,28,2
"1afa34a7f984eeabdbb0a7d494132ee5",69,1,19,1
"013d407166ec4fa56eb1e1f8cbe183b9",107,8,28,0
"f899139df5e1059396431415e770c6dd",60,4,16,0
"b3e3e393c77e35a4a3f3cbd1e429b5dc",80,9,23,1
"9b8619251a19057cff70779273e95aa6",155,9,39,1
"f899139df5e1059396431415e770c6dd",236,15,73,3
"5878a7ab84fb43402106c575658472fa",140,9,37,3
"06409663226af2f3114485aa4e0a23b4",104,4,27,0
"76dc611d6ebaafc66cc0879c71b5db5c",67,2,20,0
"698d51a19d8a121ce581499d7b701668",74,2,23,1
"2723d092b63885e0d7c260cc007e8b9d",367,15,103,3
"9766527f2b5d3e95d4a733fcfb77bd7e",162,10,47,2
"c8ffe9a587b126f152ed3d89a146b445",105,9,27,0
"4c56ff4ce4aaf9573aa5dff913df997a",110,9,35,1
"8d5e957f297893487bd98fa830fa6413",191,9,42,0
"42a0e188f5033bc65bf8d78622277c4e",87,6,24,1
"65b9eea6e1cc6bb9f0cd2a47751a186f",19,0,6,0
"0a09c8844ba8f0936c20bd791130d6b6",201,10,64,0
"9fc3d7152ba9336a670e36d0ed79bc43",57,6,6,2
"2b44928ae11fb9384c4cf38708677c48",148,7,41,0
"069059b7ef840f0c74a814ec9237b6ec",65,3,15,1
"3636638817772e42b59d74cff571fbb3",249,14,71,2
"5878a7ab84fb43402106c575658472fa",107,7,32,3
"0a09c8844ba8f0936c20bd791130d6b6",86,5,20,0
"38b3eff8baf56627478ec76a704e9b52",104,6,26,4
"73278a4a86960eeb576a8fd4c9ec6997",3,0,0,0
"7e7757b1e12abcb736ab9a754ffb617a",44,3,12,1
"140f6969d5213fd0ece03148e62e461e",10,1,3,0
"8d5e957f297893487bd98fa830fa6413",29,1,6,0
"a8baa56554f96369ab93e4f3bb068c22",123,4,41,1
"eb160de1de89d9058fcb0b968dbbbd68",108,7,30,2
"65b9eea6e1cc6bb9f0cd2a47751a186f",280,13,71,4
"7ef605fc8dba5425d6965fbd4c8fbe1f",53,2,17,0
"9fc3d7152ba9336a670e36d0ed79bc43",73,3,25,1
"7ef605fc8dba5425d6965fbd4c8fbe1f",124,9,43,1
"47d1e990583c9c67424d369f3414728e",60,3,13,0
"1c9ac0159c94d8d0cbedc973445af2da",62,6,13,0
"a97da629b098b75c294dffdc3e463904",50,3,20,0
"0f28b5d49b3020afeecd95b4009adf4c",37,2,9,0
"a0a080f42e6f13b3a2df133f073095dd",102,11,28,2
"4c56ff4ce4aaf9573aa5dff913df997a",105,6,25,2
"0f28b5d49b3020afeecd95b4009adf4c",10,0,1,0
"0f28b5d49b3020afeecd95b4009adf4c",97,4,36,2
"3636638817772e42b59d74cff571fbb3",50,2,15,1
"a0a080f42e6f13b3a2df133f073095dd",58,6,16,0
"2a79ea27c279e471f4d180b08d62b00a",135,12,34,1
"202cb962ac59075b964b07152d234b70",200,15,70,5
"c9e1074f5b3f9fc8ea15d152add07294",298,17,93,1
"37a749d808e46495a8da1e5352d03cae",80,4,19,1
"9b8619251a19057cff70779273e95aa6",294,15,82,5
"a3c65c2974270fd093ee8a9bf8ae7d0b",45,3,14,0
"1385974ed5904a438616ff7bdb3f7439",209,14,68,1
"eb160de1de89d9058fcb0b968dbbbd68",379,22,90,5
"069059b7ef840f0c74a814ec9237b6ec",146,7,35,1
"ec8956637a99787bd197eacd77acce5e",89,6,29,0
"149e9677a5989fd342ae44213df68868",149,11,49,1
"4c56ff4ce4aaf9573aa5dff913df997a",309,10,82,0
"b73ce398c39f506af761d2277d853a92",47,4,12,0
"7f1de29e6da19d22b51c68001e7e0e54",273,14,74,3
"5f93f983524def3dca464469d2cf9f3e",269,21,67,2
"202cb962ac59075b964b07152d234b70",180,6,59,2
"b3e3e393c77e35a4a3f3cbd1e429b5dc",150,9,38,1
"2b24d495052a8ce66358eb576b8912c8",109,7,42,1
"f2217062e9a397a1dca429e7d70bc6ca",117,9,26,0
"6c4b761a28b734fe93831e3fb400ce87",208,16,54,4
"b3e3e393c77e35a4a3f3cbd1e429b5dc",336,24,88,3
"eb160de1de89d9058fcb0b968dbbbd68",136,12,43,1
"9fc3d7152ba9336a670e36d0ed79bc43",24,2,8,0
"eb160de1de89d9058fcb0b968dbbbd68",84,6,27,2
"7f6ffaa6bb0b408017b62254211691b5",173,11,51,0
"4c56ff4ce4aaf9573aa5dff913df997a",121,9,37,2
"1afa34a7f984eeabdbb0a7d494132ee5",133,9,40,0
"5878a7ab84fb43402106c575658472fa",134,15,46,3
"a3c65c2974270fd093ee8a9bf8ae7d0b",26,1,13,0
"65b9eea6e1cc6bb9f0cd2a47751a186f",134,9,40,0
"c8ffe9a587b126f152ed3d89a146b445",226,18,52,6
"0a09c8844ba8f0936c20bd791130d6b6",212,19,63,2
"a8baa56554f96369ab93e4f3bb068c22",199,12,52,4
"a3c65c2974270fd093ee8a9bf8ae7d0b",113,5,35,3
"a97da629b098b75c294dffdc3e463904",132,8,29,1
"8d5e957f297893487bd98fa830fa6413",42,5,13,3
"c9e1074f5b3f9fc8ea15d152add07294",145,10,43,0
"e00da03b685a0dd18fb6a08af0923de0",172,6,43,0
"8d5e957f297893487bd98fa830fa6413",303,22,78,3
"5878a7ab84fb43402106c575658472fa",240,12,67,1
"a8baa56554f96369ab93e4f3bb068c22",105,11,30,2
"b73ce398c39f506af761d2277d853a92",181,9,56,3
"2b44928ae11fb9384c4cf38708677c48",47,0,15,0
"c45147dee729311ef5b5c3003946c48f",229,22,62,2
"1385974ed5904a438616ff7bdb3f7439",237,16,64,4
"0a09c8844ba8f0936c20bd791130d6b6",340,23,79,4
"e56954b4f6347e897f954495eab16a88",364,24,110,1
"ac1dd209cbcc5e5d1c6e28598e8cbbe8",287,17,74,4
"69adc1e107f7f7d035d7baf04342e1ca",405,23,98,6
"c52f1bd66cc19d05628bd8bf27af3ad6",454,27,142,5
"d96409bf894217686ba124d7356686c9",484,27,128,7
"757b505cfd34c64c85ca5b5690ee5293",273,19,76,4
"45fbc6d3e05ebd93369ce542e8f2322d",251,15,71,2
"d6baf65e0b240ce177cf70da146c8dc8",342,22,99,1
"eae27d77ca20db309e056e3d2dcd7d69",166,5,38,2
"8c19f571e251e61cb8dd3612f26d5ecf",451,26,133,3
"19f3cd308f1455b3fa09a282e0d496f4",255,14,75,4
"7eabe3a1649ffa2b3ff8c02ebfd5659f",378,23,97,2
"e165421110ba03099a1c0393373c5b43",446,32,120,7
"e2c0be24560d78c5e599c2a9c9d0bbd2",379,24,112,6
"091d584fced301b442654dd8c23b3fc9",257,13,62,0
"69adc1e107f7f7d035d7baf04342e1ca",353,12,88,1
"757b505cfd34c64c85ca5b5690ee5293",298,14,84,4
"45fbc6d3e05ebd93369ce542e8f2322d",454,32,120,3
"d96409bf894217686ba124d7356686c9",355,15,94,5
"f718499c1c8cef6730f9fd03c8125cab",387,22,104,5
"f7664060cc52bc6f3d620bcedc94a4b6",229,13,55,1
"091d584fced301b442654dd8c23b3fc9",372,21,107,2
"c24cd76e1ce41366a4bbe8a49b02a028",303,15,96,1
"854d6fae5ee42911677c739ee1734486",233,13,50,2
"979d472a84804b9f647bc185a877a8b5",411,28,104,3
"6c9882bbac1c7093bd25041881277658",548,37,147,7
"ca46c1b9512a7a8315fa3c5a946e8265",288,17,83,6
"b1a59b315fc9a3002ce38bbe070ec3f5",561,33,152,5
"077e29b11be80ab57e1a2ecabb7da330",517,29,138,3
"bcbe3365e6ac95ea2c0343a2395834dd",188,6,58,1
"fe131d7f5a6b38b23cc967316c13dae2",204,9,45,1
"e165421110ba03099a1c0393373c5b43",215,14,58,1
"e56954b4f6347e897f954495eab16a88",371,24,97,6
"e4a6222cdb5b34375400904f03d8e6a5",264,17,65,4
"3b8a614226a953a8cd9526fca6fe9ba5",291,23,80,3
"3644a684f98ea8fe223c713b77189a77",372,26,102,4
"539fd53b59e3bb12d203f45a912eeaf2",360,21,102,2
"8f121ce07d74717e0b1f21d122e04521",408,24,118,5
"45fbc6d3e05ebd93369ce542e8f2322d",145,11,39,1
"3cec07e9ba5f5bb252d13f5f431e4bbb",245,13,66,0
"bcbe3365e6ac95ea2c0343a2395834dd",349,20,94,1
"d96409bf894217686ba124d7356686c9",438,32,129,5
"e56954b4f6347e897f954495eab16a88",385,26,110,7
"274ad4786c3abca69fa097b85867d9a4",276,16,77,2
"621bf66ddb7c962aa0d22ac97d69b793",374,26,102,5
"d6baf65e0b240ce177cf70da146c8dc8",360,19,105,4
"a4f23670e1833f3fdb077ca70bbd5d66",402,21,97,7
"c24cd76e1ce41366a4bbe8a49b02a028",465,24,110,3
"9b04d152845ec0a378394003c96da594",472,31,125,7
"39059724f73a9969845dfe4146c5660e",291,19,78,2
"a4f23670e1833f3fdb077ca70bbd5d66",258,12,75,3
"077e29b11be80ab57e1a2ecabb7da330",308,22,85,5
"36660e59856b4de58a219bcf4e27eba3",427,28,111,2
"3644a684f98ea8fe223c713b77189a77",282,16,92,4
"577ef1154f3240ad5b9b413aa7346a1e",340,28,100,3
"8f121ce07d74717e0b1f21d122e04521",559,35,164,7
"36660e59856b4de58a219bcf4e27eba3",369,29,94,2
"335f5352088d7d9bf74191e006d8e24c",251,16,78,4
"8f121ce07d74717e0b1f21d122e04521",289,18,85,1
"ec8ce6abb3e952a85b8551ba726a1227",323,16,79,3
"6c9882bbac1c7093bd25041881277658",300,21,69,6
"57aeee35c98205091e18d1140e9f38cf",294,21,79,1
"eb163727917cbba1eea208541a643e74",400,26,109,2
"45fbc6d3e05ebd93369ce542e8f2322d",232,17,60,3
"eda80a3d5b344bc40f3bc04f65b7a357",379,24,113,5
"06138bc5af6023646ede0e1f7c1eac75",460,34,105,10
"8f121ce07d74717e0b1f21d122e04521",298,11,97,2
"539fd53b59e3bb12d203f45a912eeaf2",412,27,114,3
"502e4a16930e414107ee22b6198c578f",430,21,111,12
"8c19f571e251e61cb8dd3612f26d5ecf",231,14,67,0
"3644a684f98ea8fe223c713b77189a77",479,28,124,8
"555d6702c950ecb729a966504af0a635",257,17,70,1
"0266e33d3f546cb5436a10798e657d97",434,24,115,3
"bcbe3365e6ac95ea2c0343a2395834dd",86,5,24,0
"077e29b11be80ab57e1a2ecabb7da330",536,32,157,6
"115f89503138416a242f40fb7d7f338e",381,18,100,4
"c0e190d8267e36708f955d7ab048990d",427,23,109,4
"7eabe3a1649ffa2b3ff8c02ebfd5659f",325,21,85,3
"539fd53b59e3bb12d203f45a912eeaf2",424,23,116,5
"e2c0be24560d78c5e599c2a9c9d0bbd2",241,7,82,3
"621bf66ddb7c962aa0d22ac97d69b793",303,15,89,4
"d1c38a09acc34845c6be3a127a5aacaf",394,23,110,6
"c0e190d8267e36708f955d7ab048990d",290,21,76,0
"d96409bf894217686ba124d7356686c9",198,14,61,1
"8c19f571e251e61cb8dd3612f26d5ecf",372,26,113,3
"f7664060cc52bc6f3d620bcedc94a4b6",340,15,83,4
"577ef1154f3240ad5b9b413aa7346a1e",420,28,113,3
"3644a684f98ea8fe223c713b77189a77",281,16,68,3
"289dff07669d7a23de0ef88d2f7129e7",395,29,114,3
"289dff07669d7a23de0ef88d2f7129e7",375,24,98,2
"289dff07669d7a23de0ef88d2f7129e7",348,22,108,4
"b1d10e7bafa4421218a51b1e1f1b0ba2",352,27,109,2
"502e4a16930e414107ee22b6198c578f",246,16,58,1
"3b8a614226a953a8cd9526fca6fe9ba5",339,17,102,5
"854d6fae5ee42911677c739ee1734486",453,33,115,9
"39059724f73a9969845dfe4146c5660e",288,21,83,1
"757b505cfd34c64c85ca5b5690ee5293",498,39,137,5
"6c9882bbac1c7093bd25041881277658",320,25,96,5
"060ad92489947d410d897474079c1477",487,28,117,8
"335f5352088d7d9bf74191e006d8e24c",232,20,63,3
"faa9afea49ef2ff029a833cccc778fd0",10,1,1,0
"25b2822c2f5a3230abfadd476e8b04c9",249,36,74,3
"3fe94a002317b5f9259f82690aeea4cd",120,16,41,1
"bca82e41ee7b0833588399b1fcd177c7",253,38,75,4
"5ef698cd9fe650923ea331c15af3b160",233,26,76,0
"8fe0093bb30d6f8c31474bd0764e6ac0",69,17,15,0
"3c7781a36bcd6cf08c11a970fbe0e2a6",329,42,89,2
"357a6fdf7642bf815a88822c447d9dc4",118,19,33,2
"371bce7dc83817b7893bcdeed13799b5",276,40,85,3
"52720e003547c70561bf5e03b95aa99f",231,46,54,1
"cd00692c3bfe59267d5ecfac5310286c",68,6,20,3
"eddea82ad2755b24c4e168c5fc2ebd40",197,29,53,4
"aa942ab2bfa6ebda4840e7360ce6e7ef",323,43,83,0
"5b8add2a5d98b1a652ea7fd72d942dac",134,25,29,1
"e7b24b112a44fdd9ee93bdf998c6ca0e",344,52,83,4
"0d0fd7c6e093f7b804fa0150b875b868",137,17,45,0
"3fe94a002317b5f9259f82690aeea4cd",298,43,79,4
"f61d6947467ccd3aa5af24db320235dd",72,12,19,1
"1543843a4723ed2ab08e18053ae6dc5b",168,20,39,1
"0d0fd7c6e093f7b804fa0150b875b868",153,20,41,0
"8fe0093bb30d6f8c31474bd0764e6ac0",46,3,7,0
"34ed066df378efacc9b924ec161e7639",187,23,52,3
"caf1a3dfb505ffed0d024130f58c5cfa",134,23,33,0
"8d7d8ee069cb0cbbf816bbb65d56947e",135,19,28,0
"fb7b9ffa5462084c5f4e7e85a093e6d7",95,13,30,0
"0c74b7f78409a4022a2c4c5a5ca3ee19",148,23,38,1
"41ae36ecb9b3eee609d05b90c14222fb",111,11,25,1
"24b16fede9a67c9251d3e7c7161c83ac",354,53,106,4
"1068c6e4c8051cfd4e9ea8072e3189e2",190,31,53,1
"24b16fede9a67c9251d3e7c7161c83ac",47,9,14,0
"158f3069a435b314a80bdcb024f8e422",340,68,92,2
"d709f38ef758b5066ef31b18039b8ce5",190,20,60,3
"eed5af6add95a9a6f1252739b1ad8c24",10,1,3,0
"ad972f10e0800b49d76fed33a21f6698",218,30,65,1
"05049e90fa4f5039a8cadc6acbb4b2cc",166,37,45,2
"66808e327dc79d135ba18e051673d906",135,19,36,1
"a96b65a721e561e1e3de768ac819ffbb",127,20,30,2
"371bce7dc83817b7893bcdeed13799b5",24,2,5,0
"d81f9c1be2e08964bf9f24b15f0e4900",227,32,68,3
"dc912a253d1e9ba40e2c597ed2376640",152,27,45,0
"bbcbff5c1f1ded46c25d28119a85c6c2",250,33,65,2
"6faa8040da20ef399b63a72d0e4ab575",195,33,56,1
"17d63b1625c816c22647a73e1482372b",216,35,51,4
"8efb100a295c0c690931222ff4467bb8",133,13,39,1
"1543843a4723ed2ab08e18053ae6dc5b",80,13,24,1
"432aca3a1e345e339f35a30c8f65edce",66,10,24,0
"a01a0380ca3c61428c26a231f0e49a09",318,44,89,3
"66368270ffd51418ec58bd793f2d9b1b",93,16,32,3
"950a4152c2b4aa3ad78bdd6b366cc179",116,13,24,0
"94f6d7e04a4d452035300f18b984988c",232,35,61,1
"1543843a4723ed2ab08e18053ae6dc5b",231,29,73,2
"0deb1c54814305ca9ad266f53bc82511",3,0,1,0
"d81f9c1be2e08964bf9f24b15f0e4900",299,48,84,2
"f73b76ce8949fe29bf2a537cfa420e8f",158,27,40,3
"28f0b864598a1291557bed248a998d4e",109,15,37,0
"17d63b1625c816c22647a73e1482372b",199,36,72,2
"eddea82ad2755b24c4e168c5fc2ebd40",189,29,47,2
"b3967a0e938dc2a6340e258630febd5a",170,32,48,2
"ffd52f3c7e12435a724a8f30fddadd9c",167,22,50,1
"ffd52f3c7e12435a724a8f30fddadd9c",251,45,74,2
"41ae36ecb9b3eee609d05b90c14222fb",301,34,83,5
"e7b24b112a44fdd9ee93bdf998c6ca0e",28,3,5,1
"05049e90fa4f5039a8cadc6acbb4b2cc",214,34,58,1
"40008b9a5380fcacce3976bf7c08af5b",71,8,18,1
"352fe25daf686bdb4edca223c921acea",230,34,66,2
"d81f9c1be2e08964bf9f24b15f0e4900",121,18,37,3
"2421fcb1263b9530df88f7f002e78ea5",218,35,65,2
"c86a7ee3d8ef0b551ed58e354a836f2b",10,1,5,1
"a8c88a0055f636e4a163a5e3d16adab7",287,42,56,2
"9be40cee5b0eee1462c82c6964087ff9",176,32,47,3
"1543843a4723ed2ab08e18053ae6dc5b",91,9,28,0
"faa9afea49ef2ff029a833cccc778fd0",163,32,49,3
"6da37dd3139aa4d9aa55b8d237ec5d4a",293,44,81,3
"816b112c6105b3ebd537828a39af4818",212,29,59,0
"5737c6ec2e0716f3d8a7a5c4e0de0d9a",29,4,10,0
"e0c641195b27425bb056ac56f8953d24",175,29,37,2
"01386bd6d8e091c2ab4c7c7de644d37b",133,25,39,4
"caf1a3dfb505ffed0d024130f58c5cfa",41,7,10,2
"c3e878e27f52e2a57ace4d9a76fd9acf",235,37,69,1
"f73b76ce8949fe29bf2a537cfa420e8f",180,26,46,3
"320722549d1751cf3f247855f937b982",234,42,61,2
"9dfcd5e558dfa04aaf37f137a1d9d3e5",260,44,68,5
"138bb0696595b338afbab333c555292a",197,25,59,1
"6da37dd3139aa4d9aa55b8d237ec5d4a",257,33,79,1
"18d8042386b79e2c279fd162df0205c8",195,13,46,0
"6da37dd3139aa4d9aa55b8d237ec5d4a",302,44,86,4
"d81f9c1be2e08964bf9f24b15f0e4900",93,12,24,4
"b7b16ecf8ca53723593894116071700c",27,3,8,1
"c5ff2543b53f4cc0ad3819a36752467b",91,9,24,1
"ad972f10e0800b49d76fed33a21f6698",145,22,46,0
"c3e878e27f52e2a57ace4d9a76fd9acf",100,9,22,1
"357a6fdf7642bf815a88822c447d9dc4",228,40,73,3
"01386bd6d8e091c2ab4c7c7de644d37b",60,9,17,1
"cf004fdc76fa1a4f25f62e0eb5261ca3",169,27,60,2
"b3967a0e938dc2a6340e258630febd5a",166,24,45,1
"01386bd6d8e091c2ab4c7c7de644d37b",176,29,56,1
"eed5af6add95a9a6f1252739b1ad8c24",200,41,51,3
"cf004fdc76fa1a4f25f62e0eb5261ca3",31,4,9,1
"432aca3a1e345e339f35a30c8f65edce",255,38,64,2
"9de6d14fff9806d4bcd1ef555be766cd",249,38,74,5
"25b2822c2f5a3230abfadd476e8b04c9",133,21,31,2
"d9fc5b73a8d78fad3d6dffe419384e70",41,3,15,0
"04025959b191f8f9de3f924f0940515f",142,22,36,1
"70c639df5e30bdee440e4cdf599fec2b",262,41,82,1
"0bb4aec1710521c12ee76289d9440817",197,37,60,2
"f9b902fc3289af4dd08de5d1de54f68f",201,26,59,3
"0584ce565c824b7b7f50282d9a19945b",175,24,56,1
"3c7781a36bcd6cf08c11a970fbe0e2a6",182,27,41,0
"310dcbbf4cce62f762a2aaa148d556bd",219,28,50,2
"320722549d1751cf3f247855f937b982",244,28,67,0
"371bce7dc83817b7893bcdeed13799b5",190,32,61,0
"f74909ace68e51891440e4da0b65a70c",170,26,49,2
"371bce7dc83817b7893bcdeed13799b5",139,21,43,2
"3fe94a002317b5f9259f82690aeea4cd",67,18,24,1
"5ef698cd9fe650923ea331c15af3b160",50,9,13,2
"efe937780e95574250dabe07151bdc23",223,23,59,3
"8d3bba7425e7c98c50f52ca1b52d3735",94,15,38,1
"b7b16ecf8ca53723593894116071700c",204,35,69,1
"b7b16ecf8ca53723593894116071700c",122,20,38,1
"58238e9ae2dd305d79c2ebc8c1883422",10,0,0,0
"950a4152c2b4aa3ad78bdd6b366cc179",327,60,78,2
"17d63b1625c816c22647a73e1482372b",23,5,8,0
"42e7aaa88b48137a16a1acd04ed91125",20,4,7,0
"17d63b1625c816c22647a73e1482372b",192,30,54,1
"0bb4aec1710521c12ee76289d9440817",302,39,85,2
"371bce7dc83817b7893bcdeed13799b5",94,11,21,0
"cf004fdc76fa1a4f25f62e0eb5261ca3",14,4,5,0
"82cec96096d4281b7c95cd7e74623496",147,12,45,1
"18997733ec258a9fcaf239cc55d53363",70,12,19,1
"b9228e0962a78b84f3d5d92f4faa000b",114,16,31,0
"e46de7e1bcaaced9a54f1e9d0d2f800d",131,26,34,0
"3ad7c2ebb96fcba7cda0cf54a2e802f5",130,23,36,0
"c058f544c737782deacefa532d9add4c",232,33,66,3
"28f0b864598a1291557bed248a998d4e",179,29,49,1
"42e7aaa88b48137a16a1acd04ed91125",23,1,8,0
"7eacb532570ff6858afd2723755ff790",131,21,34,1
"5b8add2a5d98b1a652ea7fd72d942dac",112,16,34,0
"320722549d1751cf3f247855f937b982",219,29,81,2
"2421fcb1263b9530df88f7f002e78ea5",309,58,80,3
"11b9842e0a271ff252c1903e7132cd68",7,1,2,0
"caf1a3dfb505ffed0d024130f58c5cfa",168,34,49,5
"66368270ffd51418ec58bd793f2d9b1b",39,4,15,0
"e7b24b112a44fdd9ee93bdf998c6ca0e",205,25,67,0
"a49e9411d64ff53eccfdd09ad10a15b3",14,2,6,0
"d1f255a373a3cef72e03aa9d980c7eca",148,17,43,1
"39461a19e9eddfb385ea76b26521ea48",112,16,37,2
"ddb30680a691d157187ee1cf9e896d03",242,42,65,3
"d34ab169b70c9dcd35e62896010cd9ff",230,30,70,0
"496e05e1aea0a9c4655800e8a7b9ea28",35,6,7,2
"8efb100a295c0c690931222ff4467bb8",270,50,67,2
"66808e327dc79d135ba18e051673d906",41,7,12,0
"dc912a253d1e9ba40e2c597ed2376640",89,10,25,0
"37bc2f75bf1bcfe8450a1a41c200364c",130,18,41,0
"70c639df5e30bdee440e4cdf599fec2b",255,45,65,3
"8d7d8ee069cb0cbbf816bbb65d56947e",93,12,20,1
"8cb22bdd0b7ba1ab13d742e22eed8da2",179,24,48,4
"f73b76ce8949fe29bf2a537cfa420e8f",164,31,39,3
"9de6d14fff9806d4bcd1ef555be766cd",187,23,49,2
"18997733ec258a9fcaf239cc55d53363",221,39,58,1
"b83aac23b9528732c23cc7352950e880",222,34,64,4
"bbf94b34eb32268ada57a3be5062fe7d",302,49,90,1
"caf1a3dfb505ffed0d024130f58c5cfa",282,48,77,0
"8d7d8ee069cb0cbbf816bbb65d56947e",10,2,3,0
"9dfcd5e558dfa04aaf37f137a1d9d3e5",227,47,60,2
"c058f544c737782deacefa532d9add4c",162,28,51,0
"8fe0093bb30d6f8c31474bd0764e6ac0",94,17,23,1
"18d8042386b79e2c279fd162df0205c8",10,0,3,0
"5ef698cd9fe650923ea331c15af3b160",202,33,51,1
"138bb0696595b338afbab333c555292a",145,28,45,2
"00411460f7c92d2124a67ea0f4cb5f85",88,11,24,1
"3c7781a36bcd6cf08c11a970fbe0e2a6",10,2,2,0
"58238e9ae2dd305d79c2ebc8c1883422",237,39,74,3
"8efb100a295c0c690931222ff4467bb8",126,22,39,1
"52720e003547c70561bf5e03b95aa99f",203,23,49,1
"d81f9c1be2e08964bf9f24b15f0e4900",259,32,63,1
"c3e878e27f52e2a57ace4d9a76fd9acf",270,38,78,1
"b83aac23b9528732c23cc7352950e880",236,46,67,5
"a02ffd91ece5e7efeb46db8f10a74059",211,31,55,2
"52720e003547c70561bf5e03b95aa99f",311,41,74,2
"6ecbdd6ec859d284dc13885a37ce8d81",280,50,83,5
"a666587afda6e89aec274a3657558a27",209,32,55,2
"efe937780e95574250dabe07151bdc23",58,11,22,1
"8cb22bdd0b7ba1ab13d742e22eed8da2",166,21,59,0
"ffd52f3c7e12435a724a8f30fddadd9c",193,32,55,2
"a8c88a0055f636e4a163a5e3d16adab7",251,37,73,3
"371bce7dc83817b7893bcdeed13799b5",211,36,48,5
"2f2b265625d76a6704b08093c652fd79",239,35,79,4
"352fe25daf686bdb4edca223c921acea",173,23,48,1
"06eb61b839a0cefee4967c67ccb099dc",246,38,62,0
"ffd52f3c7e12435a724a8f30fddadd9c",94,10,28,0
"04025959b191f8f9de3f924f0940515f",269,31,61,3
"2f2b265625d76a6704b08093c652fd79",52,10,12,2
"c058f544c737782deacefa532d9add4c",174,24,54,2
"fb7b9ffa5462084c5f4e7e85a093e6d7",236,40,64,1
"17d63b1625c816c22647a73e1482372b",132,20,39,2
"5b8add2a5d98b1a652ea7fd72d942dac",286,49,84,5
"41ae36ecb9b3eee609d05b90c14222fb",259,48,78,4
"ad972f10e0800b49d76fed33a21f6698",278,47,78,0
"37bc2f75bf1bcfe8450a1a41c200364c",123,17,32,2
"138bb0696595b338afbab333c555292a",130,19,40,4
"75fc093c0ee742f6dddaa13fff98f104",399,78,111,2
"087408522c31eeb1f982bc0eaf81d35f",165,24,34,1
"d61e4bbd6393c9111e6526ea173a7c8b",390,58,106,5
"248e844336797ec98478f85e7626de4a",64,9,12,1
"3cf166c6b73f030b4f67eeaeba301103",121,20,38,2
"25ddc0f8c9d3e22e03d3076f98d83cb2",429,61,139,4
"33e8075e9970de0cfea955afd4644bb2",373,49,107,9
"c203d8a151612acf12457e4d67635a95",312,50,73,2
"e1e32e235eee1f970470a3a6658dfdd5",278,38,80,3
"1068c6e4c8051cfd4e9ea8072e3189e2",371,57,92,6
"7eacb532570ff6858afd2723755ff790",325,55,77,8
"1a5b1e4daae265b790965a275b53ae50",352,65,97,5
"2bb232c0b13c774965ef8558f0fbd615",416,59,105,4
"428fca9bc1921c25c5121f9da7815cde",321,42,102,5
"877a9ba7a98f75b90a9d49f53f15a858",341,60,98,6
"218a0aefd1d1a4be65601cc6ddc1520e",356,62,87,2
"2bb232c0b13c774965ef8558f0fbd615",278,42,87,6
"63538fe6ef330c13a05a3ed7e599d5f7",255,35,71,6
"9431c87f273e507e6040fcb07dcb4509",382,51,101,3
"65658fde58ab3c2b6e5132a39fae7cb9",458,71,137,4
"e44fea3bec53bcea3b7513ccef5857ac",307,46,94,1
"eed5af6add95a9a6f1252739b1ad8c24",402,65,107,4
"67f7fb873eaf29526a11a9b7ac33bfac",300,41,76,1
"5737034557ef5b8c02c0e46513b98f90",250,43,67,3
"a8abb4bb284b5b27aa7cb790dc20f80b",211,37,70,2
"9b72e31dac81715466cd580a448cf823",483,75,127,8
"1a5b1e4daae265b790965a275b53ae50",261,35,68,6
"1651cf0d2f737d7adeab84d339dbabd3",226,38,50,2
"b337e84de8752b27eda3a12363109e80",293,38,77,4
"67f7fb873eaf29526a11a9b7ac33bfac",383,58,95,4
"5737034557ef5b8c02c0e46513b98f90",236,41,61,1
"c399862d3b9d6b76c8436e924a68c45b",351,47,97,2
"a8abb4bb284b5b27aa7cb790dc20f80b",370,48,96,2
"a49e9411d64ff53eccfdd09ad10a15b3",417,62,122,4
"8fe0093bb30d6f8c31474bd0764e6ac0",254,39,74,6
"6ecbdd6ec859d284dc13885a37ce8d81",528,73,167,5
"ef575e8837d065a1683c022d2077d342",406,60,111,3
"1a5b1e4daae265b790965a275b53ae50",429,65,138,5
"05f971b5ec196b8c65b75d2ef8267331",296,42,81,1
"d07e70efcfab08731a97e7b91be644de",277,47,67,3
"35051070e572e47d2c26c241ab88307f",492,79,127,7
"85422afb467e9456013a2a51d4dff702",431,74,127,6
"df877f3865752637daa540ea9cbc474f",332,59,85,1
"53fde96fcc4b4ce72d7739202324cd49",194,26,46,3
"248e844336797ec98478f85e7626de4a",501,91,136,3
"9461cce28ebe3e76fb4b931c35a169b0",195,25,58,3
"0d0fd7c6e093f7b804fa0150b875b868",448,73,125,6
"f1b6f2857fb6d44dd73c7041e0aa0f19",489,76,142,5
"cee631121c2ec9232f3a2f028ad5c89b",408,59,121,5
"a96b65a721e561e1e3de768ac819ffbb",233,48,79,2
"2421fcb1263b9530df88f7f002e78ea5",382,60,127,2
"35051070e572e47d2c26c241ab88307f",305,52,82,5
"b5b41fac0361d157d9673ecb926af5ae",305,35,84,4
"8fe0093bb30d6f8c31474bd0764e6ac0",339,50,91,3
"298f95e1bf9136124592c8d4825a06fc",425,60,124,1
"b5b41fac0361d157d9673ecb926af5ae",265,45,73,3
"2050e03ca119580f74cca14cc6e97462",416,60,130,2
"559cb990c9dffd8675f6bc2186971dc2",397,55,115,5
"38913e1d6a7b94cb0f55994f679f5956",266,36,66,0
"17d63b1625c816c22647a73e1482372b",408,62,100,7
"05f971b5ec196b8c65b75d2ef8267331",270,45,75,0
"218a0aefd1d1a4be65601cc6ddc1520e",362,52,91,3
"74071a673307ca7459bcf75fbd024e09",321,37,92,1
"eed5af6add95a9a6f1252739b1ad8c24",289,49,87,2
"8fe0093bb30d6f8c31474bd0764e6ac0",321,45,83,4
"2421fcb1263b9530df88f7f002e78ea5",496,81,134,4
"2bb232c0b13c774965ef8558f0fbd615",444,56,139,3
"5ef0b4eba35ab2d6180b0bca7e46b6f9",302,45,83,3
"f4be00279ee2e0a53eafdaa94a151e2c",405,58,116,3
"cf67355a3333e6e143439161adc2d82e",311,37,82,0
"5b69b9cb83065d403869739ae7f0995e",278,38,86,2
"d64a340bcb633f536d56e51874281454",406,71,115,4
"66368270ffd51418ec58bd793f2d9b1b",373,59,104,3
"eed5af6add95a9a6f1252739b1ad8c24",489,76,131,5
"d1f255a373a3cef72e03aa9d980c7eca",384,60,110,3
"e836d813fd184325132fca8edcdfb40e",340,42,105,3
"ab817c9349cf9c4f6877e1894a1faa00",210,25,68,2
"8cb22bdd0b7ba1ab13d742e22eed8da2",457,61,130,3
"087408522c31eeb1f982bc0eaf81d35f",227,39,58,0
"25ddc0f8c9d3e22e03d3076f98d83cb2",391,60,112,2
"f1b6f2857fb6d44dd73c7041e0aa0f19",237,27,65,0
"07563a3fe3bbe7e3ba84431ad9d055af",322,38,93,3
"8d7d8ee069cb0cbbf816bbb65d56947e",375,44,95,4
"9431c87f273e507e6040fcb07dcb4509",222,33,63,0
"33e8075e9970de0cfea955afd4644bb2",221,35,64,5
"e44fea3bec53bcea3b7513ccef5857ac",297,52,75,5
"9461cce28ebe3e76fb4b931c35a169b0",362,45,111,3
"250cf8b51c773f3f8dc8b4be867a9a02",287,48,94,4
"f770b62bc8f42a0b66751fe636fc6eb0",290,40,80,4
"ab817c9349cf9c4f6877e1894a1faa00",450,77,118,2
"6ea2ef7311b482724a9b7b0bc0dd85c6",514,77,137,9
"5ef0b4eba35ab2d6180b0bca7e46b6f9",311,37,95,3
"6ecbdd6ec859d284dc13885a37ce8d81",370,61,116,6
"0deb1c54814305ca9ad266f53bc82511",417,57,104,3
"37f0e884fbad9667e38940169d0a3c95",478,78,145,2
"c203d8a151612acf12457e4d67635a95",564,98,148,1
"9461cce28ebe3e76fb4b931c35a169b0",392,59,108,2
"68ce199ec2c5517597ce0a4d89620f55",415,68,125,3
"5737034557ef5b8c02c0e46513b98f90",332,45,100,3
"fccb60fb512d13df5083790d64c4d5dd",308,55,99,3
"faa9afea49ef2ff029a833cccc778fd0",215,28,48,2
"c410003ef13d451727aeff9082c29a5c",284,34,93,2
"cf67355a3333e6e143439161adc2d82e",350,49,103,5
"7d04bbbe5494ae9d2f5a76aa1c00fa2f",279,48,84,5
"13f3cf8c531952d72e5847c4183e6910",292,44,66,3
"63538fe6ef330c13a05a3ed7e599d5f7",382,56,115,2
"17d63b1625c816c22647a73e1482372b",443,67,119,5
"98b297950041a42470269d56260243a1",330,49,87,5
"9b70e8fe62e40c570a322f1b0b659098",371,53,112,2
"019d385eb67632a7e958e23f24bd07d7",343,45,95,2
"7bcdf75ad237b8e02e301f4091fb6bc8",521,82,134,5
"cee631121c2ec9232f3a2f028ad5c89b",298,44,81,3
"5ef0b4eba35ab2d6180b0bca7e46b6f9",319,47,92,5
"f770b62bc8f42a0b66751fe636fc6eb0",336,48,86,2
"9b72e31dac81715466cd580a448cf823",366,55,110,4
"b6f0479ae87d244975439c6124592772",359,51,95,4
"cf67355a3333e6e143439161adc2d82e",421,56,112,3
"1651cf0d2f737d7adeab84d339dbabd3",238,38,70,4
"59b90e1005a220e2ebc542eb9d950b1e",304,45,84,2
"17d63b1625c816c22647a73e1482372b",280,46,77,2
"75fc093c0ee742f6dddaa13fff98f104",345,68,90,3
"0deb1c54814305ca9ad266f53bc82511",380,52,106,6
"9b72e31dac81715466cd580a448cf823",221,26,60,5
"42998cf32d552343bc8e460416382dca",241,32,58,2
"ddb30680a691d157187ee1cf9e896d03",376,66,101,3
"5ea1649a31336092c05438df996a3e59",319,56,88,3
"3dc4876f3f08201c7c76cb71fa1da439",573,76,174,5
"3dc4876f3f08201c7c76cb71fa1da439",187,31,48,3
"05f971b5ec196b8c65b75d2ef8267331",462,57,123,2
"05f971b5ec196b8c65b75d2ef8267331",318,44,86,0
"248e844336797ec98478f85e7626de4a",338,53,88,3
"019d385eb67632a7e958e23f24bd07d7",263,51,70,5
"ef575e8837d065a1683c022d2077d342",320,49,87,2
"07563a3fe3bbe7e3ba84431ad9d055af",350,54,103,7
"eba0dc302bcd9a273f8bbb72be3a687b",255,41,78,3
"69421f032498c97020180038fddb8e24",411,75,121,8
"877a9ba7a98f75b90a9d49f53f15a858",351,54,89,3
"5737034557ef5b8c02c0e46513b98f90",518,71,146,5
"559cb990c9dffd8675f6bc2186971dc2",422,74,111,4
"ab817c9349cf9c4f6877e1894a1faa00",392,67,114,6
"a8abb4bb284b5b27aa7cb790dc20f80b",189,26,48,0
"18d8042386b79e2c279fd162df0205c8",453,70,119,2
"faa9afea49ef2ff029a833cccc778fd0",413,54,116,2
"b9228e0962a78b84f3d5d92f4faa000b",327,53,81,1
"a760880003e7ddedfef56acb3b09697f",263,39,79,4
"821fa74b50ba3f7cba1e6c53e8fa6845",420,57,118,6
"087408522c31eeb1f982bc0eaf81d35f",539,90,151,7
"5ea1649a31336092c05438df996a3e59",540,81,145,5
"63538fe6ef330c13a05a3ed7e599d5f7",261,42,74,2
"69cb3ea317a32c4e6143e665fdb20b14",510,77,142,9
"05f971b5ec196b8c65b75d2ef8267331",401,62,112,2
"35051070e572e47d2c26c241ab88307f",382,52,112,3
"298f95e1bf9136124592c8d4825a06fc",400,65,106,6
"49ae49a23f67c759bf4fc791ba842aa2",296,36,90,3
"2b8a61594b1f4c4db0902a8a395ced93",400,62,119,2
"66368270ffd51418ec58bd793f2d9b1b",302,49,85,5
"b5b41fac0361d157d9673ecb926af5ae",311,50,96,5
"1a5b1e4daae265b790965a275b53ae50",277,39,69,3
"816b112c6105b3ebd537828a39af4818",421,58,128,3
"b534ba68236ba543ae44b22bd110a1d6",285,54,78,1
"18d8042386b79e2c279fd162df0205c8",463,64,148,5
"7d04bbbe5494ae9d2f5a76aa1c00fa2f",380,47,120,5
"eba0dc302bcd9a273f8bbb72be3a687b",358,51,105,7
"2050e03ca119580f74cca14cc6e97462",278,40,89,3
"559cb990c9dffd8675f6bc2186971dc2",295,45,81,3
"9431c87f273e507e6040fcb07dcb4509",458,71,107,3
"9b72e31dac81715466cd580a448cf823",379,49,100,3
"eed5af6add95a9a6f1252739b1ad8c24",347,48,100,7
"f4f6dce2f3a0f9dada0c2b5b66452017",490,64,143,4
"35051070e572e47d2c26c241ab88307f",371,48,93,3
"b6f0479ae87d244975439c6124592772",222,28,57,2
"3c7781a36bcd6cf08c11a970fbe0e2a6",215,34,67,4
"019d385eb67632a7e958e23f24bd07d7",363,56,103,3
"dc6a6489640ca02b0d42dabeb8e46bb7",197,32,58,3
"ef575e8837d065a1683c022d2077d342",352,50,92,3
"65658fde58ab3c2b6e5132a39fae7cb9",391,59,125,1
"eed5af6add95a9a6f1252739b1ad8c24",403,65,105,3
"9b70e8fe62e40c570a322f1b0b659098",261,47,81,4
"25ddc0f8c9d3e22e03d3076f98d83cb2",194,26,56,2
"8d7d8ee069cb0cbbf816bbb65d56947e",308,40,84,3
"cee631121c2ec9232f3a2f028ad5c89b",421,67,107,5
"42998cf32d552343bc8e460416382dca",417,73,131,5
"cfee398643cbc3dc5eefc89334cacdc1",299,49,89,5
"8cb22bdd0b7ba1ab13d742e22eed8da2",305,37,87,5
"42e7aaa88b48137a16a1acd04ed91125",375,52,113,4
"42e7aaa88b48137a16a1acd04ed91125",342,53,95,9
"559cb990c9dffd8675f6bc2186971dc2",417,79,116,6
"13f3cf8c531952d72e5847c4183e6910",401,53,126,5
"66368270ffd51418ec58bd793f2d9b1b",283,42,87,2
"bbcbff5c1f1ded46c25d28119a85c6c2",371,66,100,3
"25b2822c2f5a3230abfadd476e8b04c9",358,63,95,4
"05f971b5ec196b8c65b75d2ef8267331",469,85,136,3
"598b3e71ec378bd83e0a727608b5db01",271,45,89,1
"019d385eb67632a7e958e23f24bd07d7",374,56,105,3
"15d4e891d784977cacbfcbb00c48f133",232,43,72,2
"df877f3865752637daa540ea9cbc474f",225,44,50,2
"c203d8a151612acf12457e4d67635a95",444,75,122,4
"66368270ffd51418ec58bd793f2d9b1b",371,58,99,1
"d18f655c3fce66ca401d5f38b48c89af",254,37,63,3
"1a5b1e4daae265b790965a275b53ae50",310,37,79,2
"ff4d5fbbafdf976cfdc032e3bde78de5",128,8,18,2
"a760880003e7ddedfef56acb3b09697f",93,10,13,3
"f0e52b27a7a5d6a1a87373dffa53dbe5",152,10,23,1
"9ad6aaed513b73148b7d49f70afcfb32",132,8,16,0
"ebd9629fc3ae5e9f6611e2ee05a31cef",133,5,19,0
"851ddf5058cf22df63d3344ad89919cf",182,10,23,1
"5737034557ef5b8c02c0e46513b98f90",132,13,15,2
"2bb232c0b13c774965ef8558f0fbd615",190,17,24,3
"e5f6ad6ce374177eef023bf5d0c018b6",177,9,23,1
"ff4d5fbbafdf976cfdc032e3bde78de5",120,4,27,1
"53fde96fcc4b4ce72d7739202324cd49",212,12,39,2
"a760880003e7ddedfef56acb3b09697f",10,0,2,0
"cf67355a3333e6e143439161adc2d82e",289,15,41,2
"08b255a5d42b89b0585260b6f2360bdd",141,9,13,2
"f3f27a324736617f20abbf2ffd806f6d",111,8,16,0
"58ae749f25eded36f486bc85feb3f0ab",62,4,12,0
"6aca97005c68f1206823815f66102863",110,12,10,2
"f0e52b27a7a5d6a1a87373dffa53dbe5",199,12,26,3
"44c4c17332cace2124a1a836d9fc4b6f",184,13,27,1
"cee631121c2ec9232f3a2f028ad5c89b",165,14,22,2
"e8c0653fea13f91bf3c48159f7c24f78",119,9,15,1
"b7bb35b9c6ca2aee2df08cf09d7016c2",218,11,29,2
"a760880003e7ddedfef56acb3b09697f",53,2,2,0
"4e4b5fbbbb602b6d35bea8460aa8f8e5",215,13,28,6
"a9a1d5317a33ae8cef33961c34144f84",247,10,36,4
"58d4d1e7b1e97b258c9ed0b37e02d087",10,0,3,0
"dd458505749b2941217ddd59394240e8",48,2,6,0
"10a7cdd970fe135cf4f7bb55c0e3b59f",354,20,58,5
"4c27cea8526af8cfee3be5e183ac9605",236,18,41,4
"3a0772443a0739141292a5429b952fe6",153,6,24,0
"f387624df552cea2f369918c5e1e12bc",125,12,12,0
"15de21c670ae7c3f6f3f1f37029303c9",187,14,32,3
"cbcb58ac2e496207586df2854b17995f",254,19,38,1
"a532400ed62e772b9dc0b86f46e583ff",213,15,24,1
"38913e1d6a7b94cb0f55994f679f5956",214,11,37,4
"58d4d1e7b1e97b258c9ed0b37e02d087",10,0,2,1
"00ac8ed3b4327bdd4ebbebcb2ba10a00",136,8,21,1
"ed265bc903a5a097f61d3ec064d96d2e",237,19,33,6
"051e4e127b92f5d98d3c79b195f2b291",19,3,2,0
"99c5e07b4d5de9d18c350cdf64c5aa3d",226,23,27,2
"d64a340bcb633f536d56e51874281454",209,17,38,3
"30bb3825e8f631cc6075c0f87bb4978c",10,2,2,0
"eb6fdc36b281b7d5eabf33396c2683a2",189,5,19,3
"d7a728a67d909e714c0774e22cb806f2",10,0,1,0
"051e4e127b92f5d98d3c79b195f2b291",243,15,41,7
"5e388103a391daabe3de1d76a6739ccd",142,5,15,1
"647bba344396e7c8170902bcf2e15551",142,5,27,0
"a7aeed74714116f3b292a982238f83d2",46,3,10,0
"298f95e1bf9136124592c8d4825a06fc",294,13,44,5
"33e8075e9970de0cfea955afd4644bb2",100,8,13,0
"1728efbda81692282ba642aafd57be3a",355,23,43,3
"c9892a989183de32e976c6f04e700201",71,4,7,0
"c9892a989183de32e976c6f04e700201",75,2,12,0
"3435c378bb76d4357324dd7e69f3cd18",36,6,3,0
"a733fa9b25f33689e2adbe72199f0e62",252,15,41,2
"5e388103a391daabe3de1d76a6739ccd",281,24,49,4
"3493894fa4ea036cfc6433c3e2ee63b0",227,15,32,2
"4c27cea8526af8cfee3be5e183ac9605",332,18,59,3
"9cf81d8026a9018052c429cc4e56739b",83,5,9,2
"c361bc7b2c033a83d663b8d9fb4be56e",84,6,9,2
"45645a27c4f1adc8a7a835976064a86d",10,0,2,0
"258be18e31c8188555c2ff05b4d542c3",18,0,1,1
"233509073ed3432027d48b1a83f5fbd2",67,5,7,0
"f4be00279ee2e0a53eafdaa94a151e2c",184,10,20,1
"185c29dc24325934ee377cfda20e414c",277,14,39,2
"df877f3865752637daa540ea9cbc474f",174,9,34,4
"a9a6653e48976138166de32772b1bf40",91,3,15,2
"04ecb1fa28506ccb6f72b12c0245ddbc",190,13,22,1
"cf67355a3333e6e143439161adc2d82e",10,0,3,0
"cbcb58ac2e496207586df2854b17995f",277,10,39,5
"db85e2590b6109813dafa101ceb2faeb",133,5,18,0
"99c5e07b4d5de9d18c350cdf64c5aa3d",333,35,46,3
"3435c378bb76d4357324dd7e69f3cd18",156,9,25,2
"81448138f5f163ccdba4acc69819f280",191,9,30,3
"42e77b63637ab381e8be5f8318cc28a2",127,5,18,3
"3871bd64012152bfb53fdf04b401193f",237,14,40,2
"8eefcfdf5990e441f0fb6f3fad709e21",306,20,51,4
"9cf81d8026a9018052c429cc4e56739b",38,1,13,1
"f387624df552cea2f369918c5e1e12bc",180,8,31,0
"3871bd64012152bfb53fdf04b401193f",104,6,20,1
"ed265bc903a5a097f61d3ec064d96d2e",97,5,14,2
"2bb232c0b13c774965ef8558f0fbd615",103,5,11,0
"07563a3fe3bbe7e3ba84431ad9d055af",228,14,37,3
"b337e84de8752b27eda3a12363109e80",163,17,23,1
"df877f3865752637daa540ea9cbc474f",152,8,17,4
"766ebcd59621e305170616ba3d3dac32",64,2,9,0
"97e8527feaf77a97fc38f34216141515",298,18,46,4
"10a7cdd970fe135cf4f7bb55c0e3b59f",179,12,22,3
"4ffce04d92a4d6cb21c1494cdfcd6dc1",263,22,28,1
"f76a89f0cb91bc419542ce9fa43902dc",97,5,15,0
"58ae749f25eded36f486bc85feb3f0ab",16,0,0,0
"8b16ebc056e613024c057be590b542eb",112,5,19,1
"7750ca3559e5b8e1f44210283368fc16",163,3,18,2
"e8c0653fea13f91bf3c48159f7c24f78",167,6,32,0
"10a7cdd970fe135cf4f7bb55c0e3b59f",127,10,18,1
"2d6cc4b2d139a53512fb8cbb3086ae2e",10,1,3,0
"dd458505749b2941217ddd59394240e8",208,12,26,1
"58ae749f25eded36f486bc85feb3f0ab",129,11,16,1
"63538fe6ef330c13a05a3ed7e599d5f7",233,10,39,2
"233509073ed3432027d48b1a83f5fbd2",260,16,47,3
"08c5433a60135c32e34f46a71175850c",113,4,15,0
"eb6fdc36b281b7d5eabf33396c2683a2",10,1,0,0
"16c222aa19898e5058938167c8ab6c57",209,12,29,2
"a8849b052492b5106526b2331e526138",69,5,11,0
"3493894fa4ea036cfc6433c3e2ee63b0",315,18,44,3
"45645a27c4f1adc8a7a835976064a86d",189,12,18,1
"dd458505749b2941217ddd59394240e8",255,13,32,0
"8eefcfdf5990e441f0fb6f3fad709e21",9,0,2,0
"6766aa2750c19aad2fa1b32f36ed4aee",275,10,38,1
"c6e19e830859f2cb9f7c8f8cacb8d2a6",72,3,11,0
"9cf81d8026a9018052c429cc4e56739b",10,0,2,0
"258be18e31c8188555c2ff05b4d542c3",10,2,1,0
"c361bc7b2c033a83d663b8d9fb4be56e",205,7,19,1
"c399862d3b9d6b76c8436e924a68c45b",196,7,33,4
"f29c21d4897f78948b91f03172341b7b",139,9,15,1
"051e4e127b92f5d98d3c79b195f2b291",118,8,21,1
"0fcbc61acd0479dc77e3cccc0f5ffca7",127,6,15,2
"185c29dc24325934ee377cfda20e414c",162,9,40,2
"acc3e0404646c57502b480dc052c4fe1",71,4,8,1
"97e8527feaf77a97fc38f34216141515",289,15,45,4
"b2f627fff19fda463cb386442eac2b3d",69,4,8,0
"69421f032498c97020180038fddb8e24",147,10,22,1
"e6b4b2a746ed40e1af829d1fa82daa10",148,11,18,0
"c3992e9a68c5ae12bd18488bc579b30d",276,8,34,3
"d86ea612dec96096c5e0fcc8dd42ab6d",159,15,27,2
"69421f032498c97020180038fddb8e24",21,0,2,2
"5d44ee6f2c3f71b73125876103c8f6c4",28,2,6,0
"d7a728a67d909e714c0774e22cb806f2",164,9,23,0
"d490d7b4576290fa60eb31b5fc917ad1",67,4,9,1
"13f320e7b5ead1024ac95c3b208610db",96,4,14,0
"ccb1d45fb76f7c5a0bf619f979c6cf36",28,3,1,0
"cbcb58ac2e496207586df2854b17995f",184,17,36,2
"10a7cdd970fe135cf4f7bb55c0e3b59f",85,9,11,0
"e5f6ad6ce374177eef023bf5d0c018b6",232,14,42,2
"48ab2f9b45957ab574cf005eb8a76760",199,9,25,0
"ccb1d45fb76f7c5a0bf619f979c6cf36",220,14,40,0
"d86ea612dec96096c5e0fcc8dd42ab6d",225,13,34,1
"1bb91f73e9d31ea2830a5e73ce3ed328",120,5,14,2
"b73dfe25b4b8714c029b37a6ad3006fa",173,7,29,1
"d490d7b4576290fa60eb31b5fc917ad1",230,8,39,4
"94c7bb58efc3b337800875b5d382a072",126,14,22,2
"04ecb1fa28506ccb6f72b12c0245ddbc",112,11,15,2
"99c5e07b4d5de9d18c350cdf64c5aa3d",289,16,40,4
"59b90e1005a220e2ebc542eb9d950b1e",179,14,20,3
"a7aeed74714116f3b292a982238f83d2",21,2,2,0
"b2eeb7362ef83deff5c7813a67e14f0a",227,11,38,4
"eb6fdc36b281b7d5eabf33396c2683a2",48,5,6,0
"4e4b5fbbbb602b6d35bea8460aa8f8e5",357,24,68,3
"85422afb467e9456013a2a51d4dff702",38,2,8,0
"d64a340bcb633f536d56e51874281454",198,6,20,4
"d86ea612dec96096c5e0fcc8dd42ab6d",216,10,30,1
"8d34201a5b85900908db6cae92723617",160,8,24,3
"605ff764c617d3cd28dbbdd72be8f9a2",231,17,36,2
"e2230b853516e7b05d79744fbd4c9c13",133,13,19,3
"44c4c17332cace2124a1a836d9fc4b6f",108,7,7,0
"2bb232c0b13c774965ef8558f0fbd615",220,15,32,2
"e5f6ad6ce374177eef023bf5d0c018b6",215,24,32,5
"69421f032498c97020180038fddb8e24",259,14,40,5
"97e8527feaf77a97fc38f34216141515",144,8,27,3
"b2f627fff19fda463cb386442eac2b3d",39,1,3,0
"44c4c17332cace2124a1a836d9fc4b6f",75,8,12,1
"2bb232c0b13c774965ef8558f0fbd615",241,13,36,3
"d490d7b4576290fa60eb31b5fc917ad1",183,8,25,1
"258be18e31c8188555c2ff05b4d542c3",147,14,18,1
"58d4d1e7b1e97b258c9ed0b37e02d087",10,0,3,0
"6e2713a6efee97bacb63e52c54f0ada0",10,0,1,0
"a7aeed74714116f3b292a982238f83d2",95,11,15,2
"087408522c31eeb1f982bc0eaf81d35f",254,17,37,2
"ebd9629fc3ae5e9f6611e2ee05a31cef",49,2,8,2
"4ffce04d92a4d6cb21c1494cdfcd6dc1",136,8,24,0
"051e4e127b92f5d98d3c79b195f2b291",194,11,26,2
"605ff764c617d3cd28dbbdd72be8f9a2",275,18,58,2
"42e77b63637ab381e8be5f8318cc28a2",179,3,27,3
"42e77b63637ab381e8be5f8318cc28a2",75,6,8,2
"5ea1649a31336092c05438df996a3e59",58,5,9,1
"8d34201a5b85900908db6cae92723617",160,10,18,0
"a7aeed74714116f3b292a982238f83d2",286,13,52,2
"df877f3865752637daa540ea9cbc474f",35,2,4,1
"7750ca3559e5b8e1f44210283368fc16",123,4,16,0
"766ebcd59621e305170616ba3d3dac32",171,10,25,1
"ed265bc903a5a097f61d3ec064d96d2e",143,12,20,1
"d7a728a67d909e714c0774e22cb806f2",229,8,29,2
"37f0e884fbad9667e38940169d0a3c95",247,13,34,1
"33e8075e9970de0cfea955afd4644bb2",10,1,4,0
"f76a89f0cb91bc419542ce9fa43902dc",138,6,27,1
"8ebda540cbcc4d7336496819a46a1b68",59,1,9,0
"ed265bc903a5a097f61d3ec064d96d2e",58,5,8,0
"00ac8ed3b4327bdd4ebbebcb2ba10a00",94,6,14,1
"4c27cea8526af8cfee3be5e183ac9605",225,10,27,3
"97e8527feaf77a97fc38f34216141515",236,17,35,2
"11b921ef080f7736089c757404650e40",224,20,36,1
"94c7bb58efc3b337800875b5d382a072",236,13,31,1
"8b16ebc056e613024c057be590b542eb",160,11,24,1
"2bb232c0b13c774965ef8558f0fbd615",112,8,14,2
"f4be00279ee2e0a53eafdaa94a151e2c",10,2,1,0
"33e8075e9970de0cfea955afd4644bb2",210,9,27,2
"233509073ed3432027d48b1a83f5fbd2",252,14,33,4
"0fcbc61acd0479dc77e3cccc0f5ffca7",197,14,33,0
"dbe272bab69f8e13f14b405e038deb64",147,9,27,0
"7dcd340d84f762eba80aa538b0c527f7",233,15,36,0
"185c29dc24325934ee377cfda20e414c",373,19,55,4
"b1eec33c726a60554bc78518d5f9b32c",271,11,40,2
"c361bc7b2c033a83d663b8d9fb4be56e",404,32,70,5
"6766aa2750c19aad2fa1b32f36ed4aee",266,13,35,2
"26dd0dbc6e3f4c8043749885523d6a25",385,22,61,3
"07c5807d0d927dcd0980f86024e5208b",167,7,16,4
"fae0b27c451c728867a567e8c1bb4e53",266,18,44,3
"08419be897405321542838d77f855226",445,28,60,2
"82f2b308c3b01637c607ce05f52a2fed",388,17,54,4
"50c3d7614917b24303ee6a220679dab3",419,26,63,2
"e70611883d2760c8bbafb4acb29e3446",516,27,79,7
"84117275be999ff55a987b9381e01f96",339,22,43,4
"851ddf5058cf22df63d3344ad89919cf",328,18,45,2
"5751ec3e9a4feab575962e78e006250d",105,5,15,0
"dc6a70712a252123c40d2adba6a11d84",294,26,37,4
"aba3b6fd5d186d28e06ff97135cade7f",396,28,60,4
"051e4e127b92f5d98d3c79b195f2b291",392,28,51,4
"5d44ee6f2c3f71b73125876103c8f6c4",97,7,19,0
"443cb001c138b2561a0d90720d6ce111",355,17,56,5
"c06d06da9666a219db15cf575aff2824",306,34,43,5
"3a066bda8c96b9478bb0512f0a43028c",317,30,50,1
"996a7fa078cc36c46d02f9af3bef918b",339,21,52,1
"0ff39bbbf981ac0151d340c9aa40e63e",315,16,48,2
"df263d996281d984952c07998dc54358",377,18,67,3
"291597a100aadd814d197af4f4bab3a7",396,25,61,5
"f76a89f0cb91bc419542ce9fa43902dc",396,23,52,5
"3a066bda8c96b9478bb0512f0a43028c",354,15,52,2
"1ecfb463472ec9115b10c292ef8bc986",173,12,36,1
"0d7de1aca9299fe63f3e0041f02638a3",450,17,59,6
"eaae339c4d89fc102edd9dbdb6a28915",272,10,44,2
"0cb929eae7a499e50248a3a78f7acfc7",434,23,66,6
"edfbe1afcf9246bb0d40eb4d8027d90f",292,25,47,2
"08419be897405321542838d77f855226",337,19,58,3
"c361bc7b2c033a83d663b8d9fb4be56e",442,27,56,8
"9cc138f8dc04cbf16240daa92d8d50e2",392,28,59,5
"3328bdf9a4b9504b9398284244fe97c2",223,16,38,4
"9fe8593a8a330607d76796b35c64c600",388,25,55,2
"e70611883d2760c8bbafb4acb29e3446",344,13,55,2
"b1eec33c726a60554bc78518d5f9b32c",422,21,67,6
"53e3a7161e428b65688f14b84d61c610",439,22,63,0
"e555ebe0ce426f7f9b2bef0706315e0c",252,19,40,4
"c5ab0bc60ac7929182aadd08703f1ec6",355,15,59,3
"f29c21d4897f78948b91f03172341b7b",254,18,34,2
"e995f98d56967d946471af29d7bf99f1",440,24,75,7
"b5dc4e5d9b495d0196f61d45b26ef33e",382,22,38,2
"30ef30b64204a3088a26bc2e6ecf7602",481,39,70,3
"6a10bbd480e4c5573d8f3af73ae0454b",340,15,52,1
"c5ab0bc60ac7929182aadd08703f1ec6",490,32,77,1
"3d2d8ccb37df977cb6d9da15b76c3f3a",114,8,15,1
"d7a728a67d909e714c0774e22cb806f2",329,14,38,1
"0d7de1aca9299fe63f3e0041f02638a3",399,20,54,5
"26dd0dbc6e3f4c8043749885523d6a25",423,31,73,6
"f29c21d4897f78948b91f03172341b7b",394,30,50,2
"8757150decbd89b0f5442ca3db4d0e0e",255,12,42,4
"71a3cb155f8dc89bf3d0365288219936",363,21,54,4
"dc6a70712a252123c40d2adba6a11d84",246,8,34,1
"ca9c267dad0305d1a6308d2a0cf1c39c",480,20,68,5
"b7bb35b9c6ca2aee2df08cf09d7016c2",367,22,55,1
"f29c21d4897f78948b91f03172341b7b",462,28,63,7
"f64eac11f2cd8f0efa196f8ad173178e",294,13,47,3
"9cf81d8026a9018052c429cc4e56739b",337,13,49,4
"68264bdb65b97eeae6788aa3348e553c",239,15,32,2
"30ef30b64204a3088a26bc2e6ecf7602",183,10,23,1
"556f391937dfd4398cbac35e050a2177",353,26,59,5
"b1eec33c726a60554bc78518d5f9b32c",387,25,53,3
"e7f8a7fb0b77bcb3b283af5be021448f",355,32,61,3
"9cc138f8dc04cbf16240daa92d8d50e2",321,21,50,5
"5c04925674920eb58467fb52ce4ef728",284,15,57,5
"996a7fa078cc36c46d02f9af3bef918b",376,18,58,3
"e4bb4c5173c2ce17fd8fcd40041c068f",418,30,64,6
"8c7bbbba95c1025975e548cee86dfadc",223,13,28,3
"c3992e9a68c5ae12bd18488bc579b30d",237,6,36,3
"5d44ee6f2c3f71b73125876103c8f6c4",225,11,35,3
"443cb001c138b2561a0d90720d6ce111",381,21,55,2
"24681928425f5a9133504de568f5f6df",350,17,55,5
"500e75a036dc2d7d2fec5da1b71d36cc",613,29,101,8
"26408ffa703a72e8ac0117e74ad46f33",489,29,70,3
"3d2d8ccb37df977cb6d9da15b76c3f3a",359,23,55,4
"0cb929eae7a499e50248a3a78f7acfc7",447,24,62,3
"07a96b1f61097ccb54be14d6a47439b0",496,26,87,5
"5d44ee6f2c3f71b73125876103c8f6c4",420,26,57,3
"8df707a948fac1b4a0f97aa554886ec8",241,20,35,2
"3a066bda8c96b9478bb0512f0a43028c",308,17,48,2
"53e3a7161e428b65688f14b84d61c610",196,13,20,4
"051e4e127b92f5d98d3c79b195f2b291",434,29,63,5
"45645a27c4f1adc8a7a835976064a86d",322,22,56,5
"0ff8033cf9437c213ee13937b1c4c455",315,20,57,0
"8df707a948fac1b4a0f97aa554886ec8",355,22,50,7
"55b37c5c270e5d84c793e486d798c01d",359,13,48,6
"5dd9db5e033da9c6fb5ba83c7a7ebea9",309,17,54,4
"556f391937dfd4398cbac35e050a2177",394,22,52,5
"71a3cb155f8dc89bf3d0365288219936",401,35,56,1
"9fe8593a8a330607d76796b35c64c600",313,18,34,4
"2291d2ec3b3048d1a6f86c2c4591b7e0",323,17,44,2
"aba3b6fd5d186d28e06ff97135cade7f",375,18,56,2
"c06d06da9666a219db15cf575aff2824",244,12,35,3
"7f1171a78ce0780a2142a6eb7bc4f3c8",355,21,46,4
"08419be897405321542838d77f855226",412,28,57,1
"6cd67d9b6f0150c77bda2eda01ae484c",463,24,70,8
"08d98638c6fcd194a4b1e6992063e944",269,19,41,2
"edfbe1afcf9246bb0d40eb4d8027d90f",219,12,44,5
"1ecfb463472ec9115b10c292ef8bc986",403,19,69,4
"0ff8033cf9437c213ee13937b1c4c455",378,22,44,4
"0ff8033cf9437c213ee13937b1c4c455",175,16,35,2
"5c04925674920eb58467fb52ce4ef728",294,11,44,1
"8ebda540cbcc4d7336496819a46a1b68",414,27,57,2
"e5841df2166dd424a57127423d276bbe",322,15,55,3
"dc6a70712a252123c40d2adba6a11d84",455,25,59,5
"44c4c17332cace2124a1a836d9fc4b6f",375,19,65,3
"6c29793a140a811d0c45ce03c1c93a28",269,12,44,0
"d490d7b4576290fa60eb31b5fc917ad1",339,21,67,3
"2291d2ec3b3048d1a6f86c2c4591b7e0",362,32,40,9
"a532400ed62e772b9dc0b86f46e583ff",461,19,72,5
"48ab2f9b45957ab574cf005eb8a76760",376,24,45,2
"e4bb4c5173c2ce17fd8fcd40041c068f",171,11,29,1
"0ff8033cf9437c213ee13937b1c4c455",374,20,50,5
"b5dc4e5d9b495d0196f61d45b26ef33e",324,15,45,6
"5f2c22cb4a5380af7ca75622a6426917",441,31,64,5
"d490d7b4576290fa60eb31b5fc917ad1",408,17,51,3
"eb6fdc36b281b7d5eabf33396c2683a2",383,27,60,2
"df263d996281d984952c07998dc54358",505,35,81,5
"dc82d632c9fcecb0778afbc7924494a6",486,37,71,4
"be3159ad04564bfb90db9e32851ebf9c",376,22,59,3
"24681928425f5a9133504de568f5f6df",566,42,80,4
"17c276c8e723eb46aef576537e9d56d0",325,17,45,4
"788d986905533aba051261497ecffcbb",274,20,42,5
"67e103b0761e60683e83c559be18d40c",264,18,44,4
"df263d996281d984952c07998dc54358",256,18,32,3
"26dd0dbc6e3f4c8043749885523d6a25",377,31,53,2
"30ef30b64204a3088a26bc2e6ecf7602",291,19,44,2
"5dd9db5e033da9c6fb5ba83c7a7ebea9",342,22,44,1
"7750ca3559e5b8e1f44210283368fc16",346,21,48,3
"f76a89f0cb91bc419542ce9fa43902dc",411,26,62,9
"9b698eb3105bd82528f23d0c92dedfc0",352,20,59,4
"c5ab0bc60ac7929182aadd08703f1ec6",309,24,49,3
"3d2d8ccb37df977cb6d9da15b76c3f3a",292,16,35,4
"c3992e9a68c5ae12bd18488bc579b30d",294,17,49,4
"b4288d9c0ec0a1841b3b3728321e7088",255,23,35,5
"7f1171a78ce0780a2142a6eb7bc4f3c8",295,19,46,2
"8ebda540cbcc4d7336496819a46a1b68",234,16,36,1
"443cb001c138b2561a0d90720d6ce111",282,24,37,4
"5f2c22cb4a5380af7ca75622a6426917",343,13,51,5
"291597a100aadd814d197af4f4bab3a7",572,36,90,3
"303ed4c69846ab36c2904d3ba8573050",403,18,75,3
"17c276c8e723eb46aef576537e9d56d0",256,19,41,3
"afd4836712c5e77550897e25711e1d96",519,35,77,8
"ca9c267dad0305d1a6308d2a0cf1c39c",350,20,57,2
"f29c21d4897f78948b91f03172341b7b",327,13,52,4
"fae0b27c451c728867a567e8c1bb4e53",380,22,59,6
"1595af6435015c77a7149e92a551338e",427,19,60,6
"a5cdd4aa0048b187f7182f1b9ce7a6a7",391,27,66,5
"aba3b6fd5d186d28e06ff97135cade7f",337,21,45,1
"b4a528955b84f584974e92d025a75d1f",297,15,51,2
"aba3b6fd5d186d28e06ff97135cade7f",418,23,61,3
"55743cc0393b1cb4b8b37d09ae48d097",333,20,47,1
"185c29dc24325934ee377cfda20e414c",347,25,50,6
"26dd0dbc6e3f4c8043749885523d6a25",296,20,36,1
"3d2d8ccb37df977cb6d9da15b76c3f3a",452,23,68,5
"3a066bda8c96b9478bb0512f0a43028c",424,28,57,2
"44c4c17332cace2124a1a836d9fc4b6f",304,15,52,2
"26408ffa703a72e8ac0117e74ad46f33",380,21,58,3
"9f396fe44e7c05c16873b05ec425cbad",357,25,43,5
"30ef30b64204a3088a26bc2e6ecf7602",309,22,44,1
"8c7bbbba95c1025975e548cee86dfadc",433,19,70,2
"c5ab0bc60ac7929182aadd08703f1ec6",300,25,40,3
"109a0ca3bc27f3e96597370d5c8cf03d",345,26,48,3
"9cc138f8dc04cbf16240daa92d8d50e2",450,31,59,5
"a532400ed62e772b9dc0b86f46e583ff",108,9,19,1
"d4c2e4a3297fe25a71d030b67eb83bfc",300,19,44,4
"0f96613235062963ccde717b18f97592",196,20,30,1
"d86ea612dec96096c5e0fcc8dd42ab6d",423,20,63,1
"9cf81d8026a9018052c429cc4e56739b",322,19,62,1
"ca9c267dad0305d1a6308d2a0cf1c39c",319,16,52,2
"5c04925674920eb58467fb52ce4ef728",418,23,70,2
"443cb001c138b2561a0d90720d6ce111",321,16,46,2
"82f2b308c3b01637c607ce05f52a2fed",429,16,68,6
"26dd0dbc6e3f4c8043749885523d6a25",557,33,91,4
"192fc044e74dffea144f9ac5dc9f3395",383,21,57,9
"0d3180d672e08b4c5312dcdafdf6ef36",329,25,57,6
"71a3cb155f8dc89bf3d0365288219936",396,30,47,3
"fb89705ae6d743bf1e848c206e16a1d7",399,29,60,5
"edfbe1afcf9246bb0d40eb4d8027d90f",346,18,36,3
"b2f627fff19fda463cb386442eac2b3d",493,28,72,3
"19bc916108fc6938f52cb96f7e087941",332,23,39,2
"0cb929eae7a499e50248a3a78f7acfc7",344,24,47,0
"85fc37b18c57097425b52fc7afbb6969",340,23,43,0
"d14220ee66aeec73c49038385428ec4c",217,11,28,2
"e5841df2166dd424a57127423d276bbe",535,32,83,1
"f64eac11f2cd8f0efa196f8ad173178e",602,50,75,7
"9cc138f8dc04cbf16240daa92d8d50e2",317,21,53,3
"5e9f92a01c986bafcabbafd145520b13",432,28,63,5
"1595af6435015c77a7149e92a551338e",325,13,53,4
"afd4836712c5e77550897e25711e1d96",408,23,61,8
"59c33016884a62116be975a9bb8257e3",328,12,49,2
"e555ebe0ce426f7f9b2bef0706315e0c",337,17,45,1
"c5ab0bc60ac7929182aadd08703f1ec6",448,23,66,4
"45645a27c4f1adc8a7a835976064a86d",359,15,64,2
"10a5ab2db37feedfdeaab192ead4ac0e",375,15,72,5
"3a066bda8c96b9478bb0512f0a43028c",304,17,38,5
"c361bc7b2c033a83d663b8d9fb4be56e",459,30,54,2
"a5cdd4aa0048b187f7182f1b9ce7a6a7",141,20,31,2
"07c5807d0d927dcd0980f86024e5208b",181,29,17,2
"e49b8b4053df9505e1f48c3a701c0682",215,35,39,4
"ba3866600c3540f67c1e9575e213be0a",85,12,16,0
"6081594975a764c8e3a691fa2b3a321d",189,34,28,1
"aba3b6fd5d186d28e06ff97135cade7f",186,19,31,0
"6081594975a764c8e3a691fa2b3a321d",189,31,29,2
"c8ed21db4f678f3b13b9d5ee16489088",67,8,10,2
"6081594975a764c8e3a691fa2b3a321d",306,49,51,4
"288cc0ff022877bd3df94bc9360b9c5d",150,29,25,1
"ae0eb3eed39d2bcef4622b2499a05fe6",105,17,13,1
"06997f04a7db92466a2baa6ebc8b872d",181,37,28,1
"2afe4567e1bf64d32a5527244d104cea",295,42,43,3
"3a835d3215755c435ef4fe9965a3f2a0",10,1,2,0
"470e7a4f017a5476afb7eeb3f8b96f9b",182,21,27,0
"f64eac11f2cd8f0efa196f8ad173178e",197,28,28,2
"9c82c7143c102b71c593d98d96093fde",187,27,37,1
"d14220ee66aeec73c49038385428ec4c",148,21,24,2
"f64eac11f2cd8f0efa196f8ad173178e",155,24,27,1
"b1eec33c726a60554bc78518d5f9b32c",329,59,40,4
"2e65f2f2fdaf6c699b223c61b1b5ab89",56,5,9,0
"82f2b308c3b01637c607ce05f52a2fed",242,36,38,3
"aba3b6fd5d186d28e06ff97135cade7f",229,31,32,3
"06997f04a7db92466a2baa6ebc8b872d",142,17,23,1
"edfbe1afcf9246bb0d40eb4d8027d90f",318,49,39,3
"50c3d7614917b24303ee6a220679dab3",261,39,38,2
"185e65bc40581880c4f2c82958de8cfe",179,23,29,1
"788d986905533aba051261497ecffcbb",291,42,38,2
"aba3b6fd5d186d28e06ff97135cade7f",10,1,0,0
"788d986905533aba051261497ecffcbb",131,17,22,1
"2afe4567e1bf64d32a5527244d104cea",183,28,23,1
"2e65f2f2fdaf6c699b223c61b1b5ab89",108,18,15,1
"f2201f5191c4e92cc5af043eebfd0946",25,7,3,0
"c8ed21db4f678f3b13b9d5ee16489088",224,42,31,1
"d5cfead94f5350c12c322b5b664544c1",173,26,25,1
"4ea06fbc83cdd0a06020c35d50e1e89a",158,19,25,0
"5f2c22cb4a5380af7ca75622a6426917",270,41,32,5
"500e75a036dc2d7d2fec5da1b71d36cc",136,10,15,1
"ae0eb3eed39d2bcef4622b2499a05fe6",10,2,1,0
"0d3180d672e08b4c5312dcdafdf6ef36",365,71,46,3
"82f2b308c3b01637c607ce05f52a2fed",231,27,33,4
"8df707a948fac1b4a0f97aa554886ec8",181,25,30,1
"ae0eb3eed39d2bcef4622b2499a05fe6",117,18,20,0
"f64eac11f2cd8f0efa196f8ad173178e",165,29,21,3
"08419be897405321542838d77f855226",122,17,21,0
"7f1171a78ce0780a2142a6eb7bc4f3c8",135,17,16,2
"2e65f2f2fdaf6c699b223c61b1b5ab89",101,15,11,1
"df263d996281d984952c07998dc54358",112,20,17,1
"f64eac11f2cd8f0efa196f8ad173178e",10,1,0,0
"c8ed21db4f678f3b13b9d5ee16489088",207,20,28,2
"82f2b308c3b01637c607ce05f52a2fed",235,41,35,4
"5807a685d1a9ab3b599035bc566ce2b9",183,31,31,3
"6f2268bd1d3d3ebaabb04d6b5d099425",129,21,18,2
"6f2268bd1d3d3ebaabb04d6b5d099425",186,30,33,3
"e70611883d2760c8bbafb4acb29e3446",153,23,24,1
"aba3b6fd5d186d28e06ff97135cade7f",150,21,21,2
"9c82c7143c102b71c593d98d96093fde",194,27,20,3
"e7f8a7fb0b77bcb3b283af5be021448f",276,37,34,6
"5f2c22cb4a5380af7ca75622a6426917",227,27,32,1
"2afe4567e1bf64d32a5527244d104cea",26,3,5,0
"912d2b1c7b2826caf99687388d2e8f7c",168,29,23,0
"d840cc5d906c3e9c84374c8919d2074e",177,19,21,0
"872488f88d1b2db54d55bc8bba2fad1b",137,25,26,4
"eefc9e10ebdc4a2333b42b2dbb8f27b6",97,9,11,1
"e70611883d2760c8bbafb4acb29e3446",141,18,19,1
"19bc916108fc6938f52cb96f7e087941",9,3,1,0
"88ae6372cfdc5df69a976e893f4d554b",138,25,24,0
"3a835d3215755c435ef4fe9965a3f2a0",234,42,27,2
"e49b8b4053df9505e1f48c3a701c0682",105,20,20,0
"d840cc5d906c3e9c84374c8919d2074e",117,21,13,1
"aba3b6fd5d186d28e06ff97135cade7f",47,5,6,0
"f64eac11f2cd8f0efa196f8ad173178e",189,26,29,2
"2afe4567e1bf64d32a5527244d104cea",85,13,11,2
"5f0f5e5f33945135b874349cfbed4fb9",259,40,28,2
"d840cc5d906c3e9c84374c8919d2074e",101,16,15,2
"7f1171a78ce0780a2142a6eb7bc4f3c8",142,31,22,2
"19bc916108fc6938f52cb96f7e087941",86,12,9,0
"500e75a036dc2d7d2fec5da1b71d36cc",9,1,0,0
"3a835d3215755c435ef4fe9965a3f2a0",178,27,31,1
"6cd67d9b6f0150c77bda2eda01ae484c",151,23,22,2
"5807a685d1a9ab3b599035bc566ce2b9",12,0,2,0
"8d317bdcf4aafcfc22149d77babee96d",279,36,41,3
"b1eec33c726a60554bc78518d5f9b32c",79,7,14,0
"4ea06fbc83cdd0a06020c35d50e1e89a",147,28,17,1
"d6c651ddcd97183b2e40bc464231c962",270,53,36,1
"2afe4567e1bf64d32a5527244d104cea",25,4,6,0
"e49b8b4053df9505e1f48c3a701c0682",100,16,17,0
"e94550c93cd70fe748e6982b3439ad3b",323,48,50,4
"6c29793a140a811d0c45ce03c1c93a28",140,14,19,0
"5751ec3e9a4feab575962e78e006250d",132,14,19,2
"217eedd1ba8c592db97d0dbe54c7adfc",174,28,26,0
"08419be897405321542838d77f855226",62,11,11,0
"fb89705ae6d743bf1e848c206e16a1d7",105,22,19,1
"2823f4797102ce1a1aec05359cc16dd9",267,46,55,1
"e49b8b4053df9505e1f48c3a701c0682",224,28,29,2
"df263d996281d984952c07998dc54358",215,32,34,2
"fb89705ae6d743bf1e848c206e16a1d7",268,42,40,6
"2823f4797102ce1a1aec05359cc16dd9",268,42,46,1
"e995f98d56967d946471af29d7bf99f1",170,21,21,2
"5c572eca050594c7bc3c36e7e8ab9550",109,8,10,0
"8f7d807e1f53eff5f9efbe5cb81090fb",365,49,46,3
"1905aedab9bf2477edc068a355bba31a",365,53,52,8
"afda332245e2af431fb7b672a68b659d",242,38,36,3
"81e74d678581a3bb7a720b019f4f1a93",369,64,55,7
"addfa9b7e234254d26e9c7f2af1005cb",382,48,46,2
"846c260d715e5b854ffad5f70a516c88",287,45,42,3
"7a53928fa4dd31e82c6ef826f341daec",355,55,50,4
"ca8155f4d27f205953f9d3d7974bdd70",334,61,53,4
"addfa9b7e234254d26e9c7f2af1005cb",160,21,26,2
"31839b036f63806cba3f47b93af8ccb5",226,41,39,2
"013a006f03dbc5392effeb8f18fda755",420,69,82,7
"795c7a7a5ec6b460ec00c5841019b9e9",300,47,33,2
"fa83a11a198d5a7f0bf77a1987bcd006",445,61,61,3
"19b650660b253761af189682e03501dd",273,42,51,4
"c2626d850c80ea07e7511bbae4c76f4b",499,84,87,3
"dc5689792e08eb2e219dce49e64c885b",317,52,44,5
"1905aedab9bf2477edc068a355bba31a",412,64,55,5
"c2626d850c80ea07e7511bbae4c76f4b",342,41,55,2
"32b30a250abd6331e03a2a1f16466346",276,53,35,2
"e97ee2054defb209c35fe4dc94599061",445,91,56,7
"ce78d1da254c0843eb23951ae077ff5f",331,48,46,6
"f7e9050c92a851b0016442ab604b0488",308,40,53,1
"afda332245e2af431fb7b672a68b659d",175,36,25,1
"f9a40a4780f5e1306c46f1c8daecee3b",237,24,32,2
"81e74d678581a3bb7a720b019f4f1a93",403,69,61,9
"5ec91aac30eae62f4140325d09b9afd0",367,59,61,3
"addfa9b7e234254d26e9c7f2af1005cb",405,61,63,4
"dc5689792e08eb2e219dce49e64c885b",449,62,75,6
"301ad0e3bd5cb1627a2044908a42fdc2",324,52,57,6
"2a084e55c87b1ebcdaad1f62fdbbac8e",354,61,50,4
"7a53928fa4dd31e82c6ef826f341daec",379,50,48,7
"7250eb93b3c18cc9daa29cf58af7a004",593,71,90,5
"02a32ad2669e6fe298e607fe7cc0e1a0",314,49,50,6
"ede7e2b6d13a41ddf9f4bdef84fdc737",384,46,55,8
"3b5dca501ee1e6d8cd7b905f4e1bf723",312,44,50,2
"301ad0e3bd5cb1627a2044908a42fdc2",418,75,64,6
"5ec91aac30eae62f4140325d09b9afd0",384,52,46,7
"3b5dca501ee1e6d8cd7b905f4e1bf723",222,29,25,2
"a67f096809415ca1c9f112d96d27689b",314,49,46,2
"a67f096809415ca1c9f112d96d27689b",465,58,66,14
"b6edc1cd1f36e45daf6d7824d7bb2283",468,69,71,6
"ca8155f4d27f205953f9d3d7974bdd70",289,46,43,4
"670e8a43b246801ca1eaca97b3e19189",472,77,76,3
"a8ecbabae151abacba7dbde04f761c37",481,81,73,2
"b6edc1cd1f36e45daf6d7824d7bb2283",323,42,44,2
"1141938ba2c2b13f5505d7c424ebae5f",386,54,61,4
"fa3a3c407f82377f55c19c5d403335c7",385,54,52,4
"22fb0cee7e1f3bde58293de743871417",365,45,53,4
"8c235f89a8143a28a1d6067e959dd858",444,56,70,4
"3d8e28caf901313a554cebc7d32e67e5",481,71,73,8
"dc5689792e08eb2e219dce49e64c885b",302,48,47,2
"3b3dbaf68507998acd6a5a5254ab2d76",370,51,56,2
"3b3dbaf68507998acd6a5a5254ab2d76",351,50,49,9
"92fb0c6d1758261f10d052e6e2c1123c",485,70,76,5
"fe8c15fed5f808006ce95eddb7366e35",368,44,51,4
"96b9bff013acedfb1d140579e2fbeb63",314,54,50,2
"e97ee2054defb209c35fe4dc94599061",305,53,32,3
"1aa48fc4880bb0c9b8a3bf979d3b917e",270,45,44,2
"632cee946db83e7a52ce5e8d6f0fed35",336,49,38,3
"3b3dbaf68507998acd6a5a5254ab2d76",273,39,42,3
"96b9bff013acedfb1d140579e2fbeb63",358,62,70,2
"677e09724f0e2df9b6c000b75b5da10d",411,59,54,3
"84f7e69969dea92a925508f7c1f9579a",410,56,62,4
"afda332245e2af431fb7b672a68b659d",261,36,35,4
"32b30a250abd6331e03a2a1f16466346",249,39,36,0
"c2626d850c80ea07e7511bbae4c76f4b",365,48,60,1
"71ad16ad2c4d81f348082ff6c4b20768",185,24,23,2
"e0ec453e28e061cc58ac43f91dc2f3f0",342,52,47,1
"49c9adb18e44be0711a94e827042f630",253,41,35,1
"7a53928fa4dd31e82c6ef826f341daec",296,38,42,4
"1141938ba2c2b13f5505d7c424ebae5f",243,32,38,0
"ede7e2b6d13a41ddf9f4bdef84fdc737",340,46,47,2
"fc3cf452d3da8402bebb765225ce8c0e",315,53,52,4
"c2626d850c80ea07e7511bbae4c76f4b",446,76,81,3
"a67f096809415ca1c9f112d96d27689b",474,64,66,9
"fc3cf452d3da8402bebb765225ce8c0e",250,36,32,2
"5ec91aac30eae62f4140325d09b9afd0",152,16,24,2
"670e8a43b246801ca1eaca97b3e19189",276,45,41,1
"8e82ab7243b7c66d768f1b8ce1c967eb",357,62,62,4
"fc49306d97602c8ed1be1dfbf0835ead",461,70,50,5
"02a32ad2669e6fe298e607fe7cc0e1a0",282,49,48,2
"ab88b15733f543179858600245108dd8",511,70,71,5
"d58072be2820e8682c0a27c0518e805e",416,75,63,7
"d58072be2820e8682c0a27c0518e805e",333,48,58,7
"e97ee2054defb209c35fe4dc94599061",307,53,49,3
"f9a40a4780f5e1306c46f1c8daecee3b",446,59,66,6
"d554f7bb7be44a7267068a7df88ddd20",185,28,26,2
"f7e9050c92a851b0016442ab604b0488",351,57,52,4
"a8ecbabae151abacba7dbde04f761c37",222,34,38,3
"013a006f03dbc5392effeb8f18fda755",407,61,56,5
"fc49306d97602c8ed1be1dfbf0835ead",284,44,46,0
"4558dbb6f6f8bb2e16d03b85bde76e2c",433,81,62,3
"31839b036f63806cba3f47b93af8ccb5",196,28,29,2
"1aa48fc4880bb0c9b8a3bf979d3b917e",352,56,65,6
"02a32ad2669e6fe298e607fe7cc0e1a0",252,38,37,2
"f4552671f8909587cf485ea990207f3b",293,50,33,4
"a8ecbabae151abacba7dbde04f761c37",416,66,54,0
"22ac3c5a5bf0b520d281c122d1490650",481,73,74,3
"ede7e2b6d13a41ddf9f4bdef84fdc737",265,34,39,2
"f4552671f8909587cf485ea990207f3b",417,56,48,1
"a4300b002bcfb71f291dac175d52df94",158,13,48,11
"9ab0d88431732957a618d4a469a0d4c3",276,23,82,11
"cc1aa436277138f61cda703991069eaf",159,11,41,11
"6395ebd0f4b478145ecfbaf939454fa4",13,2,5,0
"1ce927f875864094e3906a4a0b5ece68",229,11,68,19
"23ce1851341ec1fa9e0c259de10bf87c",230,13,60,13
"0f840be9b8db4d3fbd5ba2ce59211f55",165,13,46,6
"6cfe0e6127fa25df2a0ef2ae1067d915",170,12,43,5
"537d9b6c927223c796cac288cced29df",236,10,71,19
"b6a1085a27ab7bff7550f8a3bd017df8",122,9,26,6
"89fcd07f20b6785b92134bd6c1d0fa42",140,6,39,12
"e17184bcb70dcf3942c54e0b537ffc6d",233,18,65,10
"03e0704b5690a2dee1861dc3ad3316c9",90,10,22,6
"b6a1085a27ab7bff7550f8a3bd017df8",75,4,20,8
"c22abfa379f38b5b0411bc11fa9bf92f",219,15,66,14
"d79aac075930c83c2f1e369a511148fe",96,6,24,5
"6602294be910b1e3c4571bd98c4d5484",42,1,10,3
"7f975a56c761db6506eca0b37ce6ec87",81,7,23,4
"4b6538a44a1dfdc2b83477cd76dee98e",67,1,26,2
"fba9d88164f3e2d9109ee770223212a0",215,13,57,11
"aa68c75c4a77c87f97fb686b2f068676",119,7,30,5
"d7322ed717dedf1eb4e6e52a37ea7bcd",290,22,94,21
"3cef96dcc9b8035d23f69e30bb19218a",329,13,87,20
"d2ed45a52bc0edfa11c2064e9edee8bf",190,10,41,10
"d7322ed717dedf1eb4e6e52a37ea7bcd",89,7,20,5
"1e056d2b0ebd5c878c550da6ac5d3724",65,3,16,2
"08fe2621d8e716b02ec0da35256a998d",10,0,3,0
"89fcd07f20b6785b92134bd6c1d0fa42",147,10,42,5
"03e0704b5690a2dee1861dc3ad3316c9",133,9,39,8
"a4300b002bcfb71f291dac175d52df94",199,14,69,14
"ec5aa0b7846082a2415f0902f0da88f2",10,1,2,1
"e744f91c29ec99f0e662c9177946c627",131,9,30,9
"4e0cb6fb5fb446d1c92ede2ed8780188",220,14,66,17
"a4300b002bcfb71f291dac175d52df94",376,30,97,19
"d707329bece455a462b58ce00d1194c9",119,8,22,8
"d7322ed717dedf1eb4e6e52a37ea7bcd",10,0,0,1
"acf4b89d3d503d8252c9c4ba75ddbf6d",10,0,2,1
"ef4e3b775c934dada217712d76f3d51f",222,16,58,10
"0f840be9b8db4d3fbd5ba2ce59211f55",24,0,6,1
"1e056d2b0ebd5c878c550da6ac5d3724",253,16,58,21
"e205ee2a5de471a70c1fd1b46033a75f",42,4,8,3
"fec8d47d412bcbeece3d9128ae855a7a",186,19,57,11
"2ab56412b1163ee131e1246da0955bd1",105,7,39,4
"ef50c335cca9f340bde656363ebd02fd",272,17,70,16
"1e056d2b0ebd5c878c550da6ac5d3724",232,14,56,19
"03e0704b5690a2dee1861dc3ad3316c9",122,6,28,8
"fec8d47d412bcbeece3d9128ae855a7a",137,12,33,6
"e205ee2a5de471a70c1fd1b46033a75f",40,1,11,1
"ce5140df15d046a66883807d18d0264b",296,32,83,15
"08fe2621d8e716b02ec0da35256a998d",181,17,41,2
"1e056d2b0ebd5c878c550da6ac5d3724",82,4,23,8
"d240e3d38a8882ecad8633c8f9c78c9b",108,9,31,10
"9232fe81225bcaef853ae32870a2b0fe",138,6,41,11
"c22abfa379f38b5b0411bc11fa9bf92f",45,3,10,2
"fba9d88164f3e2d9109ee770223212a0",124,9,29,5
"f33ba15effa5c10e873bf3842afb46a6",243,14,74,17
"03e0704b5690a2dee1861dc3ad3316c9",130,12,37,4
"8065d07da4a77621450aa84fee5656d9",215,12,60,14
"58e4d44e550d0f7ee0a23d6b02d9b0db",84,8,21,2
"c4b31ce7d95c75ca70d50c19aef08bf1",9,3,3,0
"1c1d4df596d01da60385f0bb17a4a9e0",153,16,39,5
"31b3b31a1c2f8a370206f111127c0dbd",148,8,41,3
"5c936263f3428a40227908d5a3847c0b",72,3,22,2
"168908dd3227b8358eababa07fcaf091",136,7,47,10
"766d856ef1a6b02f93d894415e6bfa0e",249,14,74,20
"d79aac075930c83c2f1e369a511148fe",245,15,76,16
"82b8a3434904411a9fdc43ca87cee70c",92,5,24,7
"9c01802ddb981e6bcfbec0f0516b8e35",153,11,35,11
"c8c41c4a18675a74e01c8a20e8a0f662",302,16,85,17
"d045c59a90d7587d8d671b5f5aec4e7c",147,7,40,9
"b56a18e0eacdf51aa2a5306b0f533204",103,5,36,7
"0768281a05da9f27df178b5c39a51263",73,4,22,5
"7634ea65a4e6d9041cfd3f7de18e334a",205,10,58,8
"8d6dc35e506fc23349dd10ee68dabb64",108,5,28,5
"021bbc7ee20b71134d53e20206bd6feb",45,1,11,5
"f33ba15effa5c10e873bf3842afb46a6",110,10,29,6
"92262bf907af914b95a0fc33c3f33bf6",200,7,56,14
"c4015b7f368e6b4871809f49debe0579",95,4,34,4
"5c936263f3428a40227908d5a3847c0b",190,13,60,8
"9f53d83ec0691550f7d2507d57f4f5a2",251,13,67,16
"a34bacf839b923770b2c360eefa26748",129,7,48,11
"da0d1111d2dc5d489242e60ebcbaf988",297,14,80,17
"3df1d4b96d8976ff5986393e8767f5b2",247,20,70,14
"6aab1270668d8cac7cef2566a1c5f569",248,12,64,13
"ef50c335cca9f340bde656363ebd02fd",128,4,38,2
"ce5140df15d046a66883807d18d0264b",171,25,45,8
"1e056d2b0ebd5c878c550da6ac5d3724",141,9,32,6
"b8c37e33defde51cf91e1e03e51657da",177,12,45,13
"1e48c4420b7073bc11916c6c1de226bb",169,8,44,6
"2f885d0fbe2e131bfc9d98363e55d1d4",115,5,29,8
"54a367d629152b720749e187b3eaa11b",89,9,31,4
"64223ccf70bbb65a3a4aceac37e21016",56,2,22,3
"3806734b256c27e41ec2c6bffa26d9e7",298,17,84,15
"03e0704b5690a2dee1861dc3ad3316c9",147,7,44,8
"bdb106a0560c4e46ccc488ef010af787",138,7,34,7
"766d856ef1a6b02f93d894415e6bfa0e",126,3,39,11
"6d70cb65d15211726dcce4c0e971e21c",292,16,75,17
"0768281a05da9f27df178b5c39a51263",215,15,67,11
"9246444d94f081e3549803b928260f56",201,5,59,11
"27ed0fb950b856b06e1273989422e7d3",167,13,49,10
"7f975a56c761db6506eca0b37ce6ec87",48,4,7,4
"92262bf907af914b95a0fc33c3f33bf6",230,23,71,18
"3806734b256c27e41ec2c6bffa26d9e7",55,3,13,0
"a1140a3d0df1c81e24ae954d935e8926",111,6,36,7
"eddb904a6db773755d2857aacadb1cb0",85,4,18,5
"cbb6a3b884f4f88b3a8e3d44c636cbd8",191,6,48,8
"6aab1270668d8cac7cef2566a1c5f569",81,6,25,2
"b6a1085a27ab7bff7550f8a3bd017df8",68,0,26,1
"e820a45f1dfc7b95282d10b6087e11c0",102,8,35,7
"2f885d0fbe2e131bfc9d98363e55d1d4",10,0,3,1
"4daa3db355ef2b0e64b472968cb70f0d",205,12,68,12
"9232fe81225bcaef853ae32870a2b0fe",203,14,53,10
"d2ed45a52bc0edfa11c2064e9edee8bf",185,14,53,13
"a34bacf839b923770b2c360eefa26748",94,4,20,7
"7f975a56c761db6506eca0b37ce6ec87",195,10,55,9
"fba9d88164f3e2d9109ee770223212a0",80,3,19,5
"92262bf907af914b95a0fc33c3f33bf6",59,1,20,3
"1c1d4df596d01da60385f0bb17a4a9e0",119,6,29,6
"1587965fb4d4b5afe8428a4a024feb0d",179,11,55,19
"da0d1111d2dc5d489242e60ebcbaf988",243,19,62,17
"883e881bb4d22a7add958f2d6b052c9f",38,4,13,1
"168908dd3227b8358eababa07fcaf091",63,5,12,3
"7634ea65a4e6d9041cfd3f7de18e334a",170,11,35,14
"9908279ebbf1f9b250ba689db6a0222b",220,15,70,14
"8b5040a8a5baf3e0e67386c2e3a9b903",181,9,46,12
"eddb904a6db773755d2857aacadb1cb0",201,15,52,15
"24896ee4c6526356cc127852413ea3b4",293,20,85,17
"537d9b6c927223c796cac288cced29df",97,8,27,8
"2bcab9d935d219641434683dd9d18a03",125,10,31,4
"892c91e0a653ba19df81a90f89d99bcd",239,11,72,14
"7f975a56c761db6506eca0b37ce6ec87",93,8,30,7
"54a367d629152b720749e187b3eaa11b",62,2,11,2
"a1140a3d0df1c81e24ae954d935e8926",66,2,19,3
"7f975a56c761db6506eca0b37ce6ec87",217,16,57,17
"a4300b002bcfb71f291dac175d52df94",113,8,30,5
"298923c8190045e91288b430794814c4",113,4,30,8
"3cef96dcc9b8035d23f69e30bb19218a",17,1,4,0
"3806734b256c27e41ec2c6bffa26d9e7",200,12,56,10
"90794e3b050f815354e3e29e977a88ab",244,12,68,12
"4311359ed4969e8401880e3c1836fbe1",175,8,56,11
"9f53d83ec0691550f7d2507d57f4f5a2",220,16,57,14
"621461af90cadfdaf0e8d4cc25129f91",197,11,50,9
"d7322ed717dedf1eb4e6e52a37ea7bcd",253,13,64,17
"a9b7ba70783b617e9998dc4dd82eb3c5",68,6,25,1
"23ce1851341ec1fa9e0c259de10bf87c",40,4,6,3
"23ce1851341ec1fa9e0c259de10bf87c",226,19,68,14
"9246444d94f081e3549803b928260f56",155,8,43,12
"fed33392d3a48aa149a87a38b875ba4a",214,16,61,13
"fec8d47d412bcbeece3d9128ae855a7a",134,5,42,5
"298923c8190045e91288b430794814c4",295,21,85,12
"287e03db1d99e0ec2edb90d079e142f3",45,1,18,6
"1cc3633c579a90cfdd895e64021e2163",109,14,23,9
"24896ee4c6526356cc127852413ea3b4",82,6,29,7
"e17184bcb70dcf3942c54e0b537ffc6d",275,17,71,22
"c8c41c4a18675a74e01c8a20e8a0f662",189,14,34,10
"1e056d2b0ebd5c878c550da6ac5d3724",62,4,17,4
"f33ba15effa5c10e873bf3842afb46a6",316,9,83,22
"c8c41c4a18675a74e01c8a20e8a0f662",194,16,50,10
"9908279ebbf1f9b250ba689db6a0222b",126,7,40,7
"7b13b2203029ed80337f27127a9f1d28",77,8,24,3
"08fe2621d8e716b02ec0da35256a998d",310,8,92,20
"1cc3633c579a90cfdd895e64021e2163",264,8,82,19
"da0d1111d2dc5d489242e60ebcbaf988",90,4,30,6
"27ed0fb950b856b06e1273989422e7d3",192,15,60,7
"021bbc7ee20b71134d53e20206bd6feb",141,6,44,6
"298923c8190045e91288b430794814c4",134,5,28,12
"31b3b31a1c2f8a370206f111127c0dbd",286,19,93,11
"2ab56412b1163ee131e1246da0955bd1",86,5,23,8
"8f468c873a32bb0619eaeb2050ba45d1",244,13,73,16
"0d0871f0806eae32d30983b62252da50",233,8,62,18
"4b6538a44a1dfdc2b83477cd76dee98e",77,5,21,5
"0b8aff0438617c055eb55f0ba5d226fa",197,14,63,8
"1c1d4df596d01da60385f0bb17a4a9e0",251,17,63,17
"3806734b256c27e41ec2c6bffa26d9e7",165,9,50,5
"0b8aff0438617c055eb55f0ba5d226fa",165,13,41,10
"692f93be8c7a41525c0baf2076aecfb4",122,7,34,5
"e6cb2a3c14431b55aa50c06529eaa21b",242,15,67,16
"df6d2338b2b8fce1ec2f6dda0a630eb0",159,3,48,9
"c4015b7f368e6b4871809f49debe0579",68,6,20,2
"6cfe0e6127fa25df2a0ef2ae1067d915",184,14,47,12
"2bcab9d935d219641434683dd9d18a03",14,3,7,0
"6cfe0e6127fa25df2a0ef2ae1067d915",254,11,66,13
"93d65641ff3f1586614cf2c1ad240b6c",85,4,25,6
"a9b7ba70783b617e9998dc4dd82eb3c5",131,10,49,9
"a34bacf839b923770b2c360eefa26748",70,3,16,4
"537d9b6c927223c796cac288cced29df",179,14,42,8
"860320be12a1c050cd7731794e231bd3",141,8,41,10
"7b13b2203029ed80337f27127a9f1d28",148,6,55,5
"ef4e3b775c934dada217712d76f3d51f",83,2,26,12
"b6a1085a27ab7bff7550f8a3bd017df8",10,0,3,0
"f33ba15effa5c10e873bf3842afb46a6",126,8,34,10
"3cef96dcc9b8035d23f69e30bb19218a",259,19,62,13
"b56a18e0eacdf51aa2a5306b0f533204",249,12,76,23
"4fac9ba115140ac4f1c22da82aa0bc7f",154,7,48,6
"6395ebd0f4b478145ecfbaf939454fa4",150,5,41,8
"692f93be8c7a41525c0baf2076aecfb4",10,0,1,0
"eeb69a3cb92300456b6a5f4162093851",144,8,36,10
"83fa5a432ae55c253d0e60dbfa716723",115,8,40,8
"a1140a3d0df1c81e24ae954d935e8926",95,7,24,7
"c8c41c4a18675a74e01c8a20e8a0f662",79,2,20,2
"766d856ef1a6b02f93d894415e6bfa0e",428,30,118,24
"0768281a05da9f27df178b5c39a51263",306,20,91,18
"1e48c4420b7073bc11916c6c1de226bb",272,10,63,18
"84d2004bf28a2095230e8e14993d398d",153,12,43,11
"0768281a05da9f27df178b5c39a51263",380,27,95,20
"5055cbf43fac3f7e2336b27310f0b9ef",273,20,76,20
"6b180037abbebea991d8b1232f8a8ca9",400,28,117,22
"2290a7385ed77cc5592dc2153229f082",234,10,55,12
"a1519de5b5d44b31a01de013b9b51a80",370,18,116,26
"dc58e3a306451c9d670adcd37004f48f",272,20,63,16
"8a1e808b55fde9455cb3d8857ed88389",420,27,125,29
"4e2545f819e67f0615003dd7e04a6087",386,21,98,25
"021bbc7ee20b71134d53e20206bd6feb",338,22,102,17
"8248a99e81e752cb9b41da3fc43fbe7f",357,15,95,25
"db576a7d2453575f29eab4bac787b919",332,26,97,22
"708f3cf8100d5e71834b1db77dfa15d6",463,35,145,38
"8597a6cfa74defcbde3047c891d78f90",307,14,101,21
"6a2feef8ed6a9fe76d6b3f30f02150b4",445,24,130,23
"c6bff625bdb0393992c9d4db0c6bbe45",351,17,91,15
"31857b449c407203749ae32dd0e7d64a",455,33,120,28
"53c04118df112c13a8c34b38343b9c10",327,22,95,18
"c3e0c62ee91db8dc7382bde7419bb573",343,24,106,25
"fc2c7c47b918d0c2d792a719dfb602ef",388,32,112,23
"fd2c5e4680d9a01dba3aada5ece22270",290,17,80,14
"9c3b1830513cc3b8fc4b76635d32e692",513,31,145,33
"062ddb6c727310e76b6200b7c71f63b5",317,16,97,19
"8b4066554730ddfaa0266346bdc1b202",231,14,59,16
"41bfd20a38bb1b0bec75acf0845530a7",174,13,56,10
"db576a7d2453575f29eab4bac787b919",388,16,120,27
"8a1e808b55fde9455cb3d8857ed88389",368,21,100,23
"68b1fbe7f16e4ae3024973f12f3cb313",292,18,84,14
"9f36407ead0629fc166f14dde7970f68",258,15,65,20
"69a5b5995110b36a9a347898d97a610e",468,20,122,31
"754dda4b1ba34c6fa89716b85d68532b",409,23,107,35
"537d9b6c927223c796cac288cced29df",379,25,103,22
"6d70cb65d15211726dcce4c0e971e21c",344,20,80,19
"9f36407ead0629fc166f14dde7970f68",196,10,45,14
"d91d1b4d82419de8a614abce9cc0e6d4",343,16,96,20
"3b712de48137572f3849aabd5666a4e3",237,13,72,11
"3a15c7d0bbe60300a39f76f8a5ba6896",463,25,131,30
"6a2feef8ed6a9fe76d6b3f30f02150b4",395,25,123,20
"20b5e1cf8694af7a3c1ba4a87f073021",260,19,73,19
"390e982518a50e280d8e2b535462ec1f",247,13,73,14
"65cc2c8205a05d7379fa3a6386f710e1",226,13,60,17
"c21002f464c5fc5bee3b98ced83963b8",358,27,102,29
"58c54802a9fb9526cd0923353a34a7ae",299,20,83,21
"fc2c7c47b918d0c2d792a719dfb602ef",252,10,64,17
"ffeed84c7cb1ae7bf4ec4bd78275bb98",266,23,71,21
"4e2545f819e67f0615003dd7e04a6087",222,13,52,11
"83fa5a432ae55c253d0e60dbfa716723",253,25,68,29
"43dd49b4fdb9bede653e94468ff8df1e",198,12,47,8
"20d135f0f28185b84a4cf7aa51f29500",411,21,129,30
"36a16a2505369e0c922b6ea7a23a56d2",309,20,80,19
"fe709c654eac84d5239d1a12a4f71877",354,25,104,19
"d6723e7cd6735df68d1ce4c704c29a04",282,20,81,16
"68b1fbe7f16e4ae3024973f12f3cb313",319,18,85,16
"c9f95a0a5af052bffce5c89917335f67",371,19,96,22
"9f36407ead0629fc166f14dde7970f68",469,30,125,25
"9f36407ead0629fc166f14dde7970f68",349,16,102,21
"818f4654ed39a1c147d1e51a00ffb4cb",339,21,93,22
"f33ba15effa5c10e873bf3842afb46a6",301,19,97,17
"0eec27c419d0fe24e53c90338cdc8bc6",381,19,115,19
"65cc2c8205a05d7379fa3a6386f710e1",255,11,73,12
"818f4654ed39a1c147d1e51a00ffb4cb",175,11,48,12
"9246444d94f081e3549803b928260f56",253,15,69,16
"754dda4b1ba34c6fa89716b85d68532b",410,19,116,18
"9f36407ead0629fc166f14dde7970f68",362,30,88,28
"8a1e808b55fde9455cb3d8857ed88389",222,13,56,6
"c667d53acd899a97a85de0c201ba99be",336,22,101,34
"b59c67bf196a4758191e42f76670ceba",230,9,59,12
"ffeed84c7cb1ae7bf4ec4bd78275bb98",476,28,146,33
"2cbca44843a864533ec05b321ae1f9d1",357,21,102,24
"9c3b1830513cc3b8fc4b76635d32e692",273,20,88,16
"b9d487a30398d42ecff55c228ed5652b",337,27,81,21
"47a658229eb2368a99f1d032c8848542",319,30,89,10
"dd77279f7d325eec933f05b1672f6a1f",501,28,138,29
"8f1d43620bc6bb580df6e80b0dc05c48",341,19,94,27
"a0e2a2c563d57df27213ede1ac4ac780",454,26,132,18
"d6ef5f7fa914c19931a55bb262ec879c",311,24,75,14
"65cc2c8205a05d7379fa3a6386f710e1",479,39,151,30
"b59c67bf196a4758191e42f76670ceba",255,12,77,16
"4da04049a062f5adfe81b67dd755cecc",188,8,52,10
"a34bacf839b923770b2c360eefa26748",531,32,140,34
"27ed0fb950b856b06e1273989422e7d3",425,24,108,21
"c6036a69be21cb660499b75718a3ef24",296,17,71,18
"43dd49b4fdb9bede653e94468ff8df1e",266,14,74,20
"2cbca44843a864533ec05b321ae1f9d1",301,21,71,25
"766d856ef1a6b02f93d894415e6bfa0e",185,9,50,11
"883e881bb4d22a7add958f2d6b052c9f",255,12,71,14
"e58cc5ca94270acaceed13bc82dfedf7",203,15,55,10
"aace49c7d80767cffec0e513ae886df0",405,19,104,28
"fd2c5e4680d9a01dba3aada5ece22270",463,33,128,42
"03e0704b5690a2dee1861dc3ad3316c9",324,19,95,15
"c6036a69be21cb660499b75718a3ef24",187,21,48,8
"1e6e0a04d20f50967c64dac2d639a577",443,23,95,24
"43dd49b4fdb9bede653e94468ff8df1e",276,14,72,15
"299a23a2291e2126b91d54f3601ec162",254,17,76,20
"58c54802a9fb9526cd0923353a34a7ae",322,13,92,23
"1587965fb4d4b5afe8428a4a024feb0d",291,19,89,21
"84d2004bf28a2095230e8e14993d398d",534,27,149,22
"aa68c75c4a77c87f97fb686b2f068676",347,19,100,19
"2cbca44843a864533ec05b321ae1f9d1",351,27,118,14
"3b712de48137572f3849aabd5666a4e3",333,16,96,19
"1579779b98ce9edb98dd85606f2c119d",338,29,99,27
"8f1d43620bc6bb580df6e80b0dc05c48",431,26,129,26
"1e6e0a04d20f50967c64dac2d639a577",472,22,127,32
"ffeed84c7cb1ae7bf4ec4bd78275bb98",227,14,61,15
"cd89fef7ffdd490db800357f47722b20",488,26,147,27
"fed33392d3a48aa149a87a38b875ba4a",317,17,101,17
"2387337ba1e0b0249ba90f55b2ba2521",236,19,62,13
"93d65641ff3f1586614cf2c1ad240b6c",305,15,87,12
"58c54802a9fb9526cd0923353a34a7ae",454,23,124,34
"062ddb6c727310e76b6200b7c71f63b5",370,15,112,23
"4a213d37242bdcad8e7300e202e7caa4",356,22,108,18
"20d135f0f28185b84a4cf7aa51f29500",394,21,104,19
"8f1d43620bc6bb580df6e80b0dc05c48",349,17,101,20
"f33ba15effa5c10e873bf3842afb46a6",172,9,42,8
"a26398dca6f47b49876cbaffbc9954f9",416,31,136,14
"4a213d37242bdcad8e7300e202e7caa4",190,16,45,17
"31857b449c407203749ae32dd0e7d64a",291,18,79,20
"db2b4182156b2f1f817860ac9f409ad7",346,20,103,19
"fe709c654eac84d5239d1a12a4f71877",396,25,115,30
"6c340f25839e6acdc73414517203f5f0",378,26,101,27
"a0e2a2c563d57df27213ede1ac4ac780",382,26,114,17
"1579779b98ce9edb98dd85606f2c119d",467,33,102,21
"456ac9b0d15a8b7f1e71073221059886",325,13,82,15
"1e48c4420b7073bc11916c6c1de226bb",593,42,167,42
"a0e2a2c563d57df27213ede1ac4ac780",482,30,141,33
"27ed0fb950b856b06e1273989422e7d3",461,26,134,18
"8597a6cfa74defcbde3047c891d78f90",359,20,118,30
"1579779b98ce9edb98dd85606f2c119d",337,16,100,12
"93d65641ff3f1586614cf2c1ad240b6c",527,36,145,21
"afdec7005cc9f14302cd0474fd0f3c96",370,18,112,15
"a5e0ff62be0b08456fc7f1e88812af3d",121,7,39,13
"aa68c75c4a77c87f97fb686b2f068676",281,14,90,21
"08fe2621d8e716b02ec0da35256a998d",567,27,144,44
"c21002f464c5fc5bee3b98ced83963b8",331,17,89,16
"27ed0fb950b856b06e1273989422e7d3",310,10,87,16
"b1563a78ec59337587f6ab6397699afc",220,16,59,14
"ffeed84c7cb1ae7bf4ec4bd78275bb98",290,15,71,24
"f33ba15effa5c10e873bf3842afb46a6",175,12,46,5
"7cce53cf90577442771720a370c3c723",286,10,98,13
"731c83db8d2ff01bdc000083fd3c3740",257,15,81,18
"53adaf494dc89ef7196d73636eb2451b",350,22,110,18
"a1519de5b5d44b31a01de013b9b51a80",317,15,87,21
"8248a99e81e752cb9b41da3fc43fbe7f",303,18,74,27
"fed33392d3a48aa149a87a38b875ba4a",513,31,162,49
"db2b4182156b2f1f817860ac9f409ad7",399,24,119,27
"e5e63da79fcd2bebbd7cb8bf1c1d0274",309,23,86,14
"883e881bb4d22a7add958f2d6b052c9f",442,25,112,29
"a1519de5b5d44b31a01de013b9b51a80",341,20,106,13
"3806734b256c27e41ec2c6bffa26d9e7",367,17,94,18
"1e6e0a04d20f50967c64dac2d639a577",459,28,107,35
"afdec7005cc9f14302cd0474fd0f3c96",528,37,149,37
"31857b449c407203749ae32dd0e7d64a",431,25,120,26
"b1563a78ec59337587f6ab6397699afc",393,25,105,21
"2cbca44843a864533ec05b321ae1f9d1",280,17,85,12
"184260348236f9554fe9375772ff966e",345,15,97,18
"1e6e0a04d20f50967c64dac2d639a577",304,17,78,16
"fba9d88164f3e2d9109ee770223212a0",355,25,96,17
"e19347e1c3ca0c0b97de5fb3b690855a",550,38,153,40
"53adaf494dc89ef7196d73636eb2451b",503,38,125,33
"cd89fef7ffdd490db800357f47722b20",456,30,121,33
"41bfd20a38bb1b0bec75acf0845530a7",332,22,94,25
"53adaf494dc89ef7196d73636eb2451b",254,19,82,13
"dc58e3a306451c9d670adcd37004f48f",474,22,131,31
"46072631582fc240dd2674a7d063b040",327,16,93,15
"184260348236f9554fe9375772ff966e",202,9,56,12
"4a08142c38dbe374195d41c04562d9f8",310,13,92,18
"a0e2a2c563d57df27213ede1ac4ac780",307,15,90,17
"68b1fbe7f16e4ae3024973f12f3cb313",429,28,134,21
"f4dd765c12f2ef67f98f3558c282a9cd",242,13,71,17
"afdec7005cc9f14302cd0474fd0f3c96",280,20,81,15
"46072631582fc240dd2674a7d063b040",469,33,140,29
"e17184bcb70dcf3942c54e0b537ffc6d",379,24,107,30
"9c3b1830513cc3b8fc4b76635d32e692",410,27,119,32
"47a658229eb2368a99f1d032c8848542",227,15,72,10
"6c340f25839e6acdc73414517203f5f0",467,24,138,31
"fd2c5e4680d9a01dba3aada5ece22270",194,12,53,10
"afdec7005cc9f14302cd0474fd0f3c96",274,12,79,13
"4e2545f819e67f0615003dd7e04a6087",550,18,162,35
"b9141aff1412dc76340b3822d9ea6c72",231,13,56,10
"1b0114c51cc532ed34e1954b5b9e4b58",352,27,87,23
"c6bff625bdb0393992c9d4db0c6bbe45",385,13,114,31
"ef50c335cca9f340bde656363ebd02fd",352,23,108,15
"fc2c7c47b918d0c2d792a719dfb602ef",372,19,111,16
"456ac9b0d15a8b7f1e71073221059886",313,15,84,18
"6c340f25839e6acdc73414517203f5f0",373,24,96,19
"46072631582fc240dd2674a7d063b040",344,21,102,21
"4a213d37242bdcad8e7300e202e7caa4",393,26,103,27
"021bbc7ee20b71134d53e20206bd6feb",381,21,125,33
"731c83db8d2ff01bdc000083fd3c3740",334,24,92,15
"4f16c818875d9fcb6867c7bdc89be7eb",318,15,91,26
"021bbc7ee20b71134d53e20206bd6feb",188,14,52,16
"c21002f464c5fc5bee3b98ced83963b8",396,27,102,23
"c667d53acd899a97a85de0c201ba99be",391,19,110,20
"aa68c75c4a77c87f97fb686b2f068676",261,11,62,17
"dc58e3a306451c9d670adcd37004f48f",274,13,72,17
"298923c8190045e91288b430794814c4",375,15,95,30
"20d135f0f28185b84a4cf7aa51f29500",251,10,70,18
"1e1d184167ca7676cf665225e236a3d2",174,25,44,9
"c7635bfd99248a2cdef8249ef7bfbef4",10,0,2,0
"4a213d37242bdcad8e7300e202e7caa4",150,18,43,3
"0eec27c419d0fe24e53c90338cdc8bc6",75,17,28,3
"a8240cb8235e9c493a0c30607586166c",114,24,40,15
"f197002b9a0853eca5e046d9ca4663d5",73,11,20,4
"38ca89564b2259401518960f7a06f94b",246,29,69,20
"9da187a7a191431db943a9a5a6fec6f4",88,17,31,3
"8597a6cfa74defcbde3047c891d78f90",136,24,38,12
"9da187a7a191431db943a9a5a6fec6f4",279,41,82,13
"3fe78a8acf5fda99de95303940a2420c",149,19,39,6
"3b712de48137572f3849aabd5666a4e3",260,40,69,15
"d6ef5f7fa914c19931a55bb262ec879c",86,14,24,3
"55b1927fdafef39c48e5b73b5d61ea60",76,8,19,3
"e58cc5ca94270acaceed13bc82dfedf7",195,31,55,10
"801c14f07f9724229175b8ef8b4585a8",213,37,55,14
"c3e0c62ee91db8dc7382bde7419bb573",236,28,71,9
"3fe78a8acf5fda99de95303940a2420c",195,34,53,13
"20d135f0f28185b84a4cf7aa51f29500",220,32,59,14
"09c6c3783b4a70054da74f2538ed47c6",115,13,22,11
"884d79963bd8bc0ae9b13a1aa71add73",116,23,37,5
"1e6e0a04d20f50967c64dac2d639a577",247,42,60,12
"9da187a7a191431db943a9a5a6fec6f4",231,38,57,13
"1e6e0a04d20f50967c64dac2d639a577",165,35,36,18
"3eb71f6293a2a31f3569e10af6552658",41,9,13,1
"3fe78a8acf5fda99de95303940a2420c",61,13,13,3
"9c3b1830513cc3b8fc4b76635d32e692",140,21,43,10
"16e6a3326dd7d868cbc926602a61e4d0",225,28,63,9
"3eb71f6293a2a31f3569e10af6552658",158,16,38,12
"fe709c654eac84d5239d1a12a4f71877",10,1,2,0
"884d79963bd8bc0ae9b13a1aa71add73",5,0,3,0
"55b1927fdafef39c48e5b73b5d61ea60",112,13,36,10
"0c048b3a434e49e655c1247efb389cec",128,25,43,6
"fe709c654eac84d5239d1a12a4f71877",10,0,1,0
"fd2c5e4680d9a01dba3aada5ece22270",49,6,12,2
"d6ef5f7fa914c19931a55bb262ec879c",126,22,34,9
"dd77279f7d325eec933f05b1672f6a1f",209,32,60,13
"b9d487a30398d42ecff55c228ed5652b",14,2,3,1
"f7f580e11d00a75814d2ded41fe8e8fe",26,5,9,2
"1e1d184167ca7676cf665225e236a3d2",66,8,15,7
"571e0f7e2d992e738adff8b1bd43a521",162,20,54,14
"4da04049a062f5adfe81b67dd755cecc",145,21,48,10
"0c048b3a434e49e655c1247efb389cec",382,60,105,22
"1e1d184167ca7676cf665225e236a3d2",123,19,26,10
"801c14f07f9724229175b8ef8b4585a8",145,13,46,8
"c9f95a0a5af052bffce5c89917335f67",85,18,29,6
"abea47ba24142ed16b7d8fbf2c740e0d",209,43,57,16
"285f89b802bcb2651801455c86d78f2a",245,33,87,10
"e8b1cbd05f6e6a358a81dee52493dd06",320,54,84,27
"208e43f0e45c4c78cafadb83d2888cb6",245,30,67,16
"b59c67bf196a4758191e42f76670ceba",10,0,3,2
"20d135f0f28185b84a4cf7aa51f29500",301,54,95,17
"df0aab058ce179e4f7ab135ed4e641a9",248,48,84,11
"47a658229eb2368a99f1d032c8848542",153,23,43,5
"8248a99e81e752cb9b41da3fc43fbe7f",193,27,57,8
"c6036a69be21cb660499b75718a3ef24",177,26,39,11
"4da04049a062f5adfe81b67dd755cecc",108,20,30,10
"8ce6790cc6a94e65f17f908f462fae85",135,21,34,7
"00e26af6ac3b1c1c49d7c3d79c60d000",159,32,39,10
"2b38c2df6a49b97f706ec9148ce48d86",117,18,32,6
"678a1491514b7f1006d605e9161946b1",109,15,25,7
"6e7d2da6d3953058db75714ac400b584",134,21,37,10
"b9d487a30398d42ecff55c228ed5652b",155,29,40,10
"8f1d43620bc6bb580df6e80b0dc05c48",10,1,2,1
"c3e0c62ee91db8dc7382bde7419bb573",112,21,34,5
"0f2c9a93eea6f38fabb3acb1c31488c6",190,31,52,8
"a1d50185e7426cbb0acad1e6ca74b9aa",58,10,23,4
"abea47ba24142ed16b7d8fbf2c740e0d",270,40,69,10
"1e1d184167ca7676cf665225e236a3d2",293,39,82,16
"20d135f0f28185b84a4cf7aa51f29500",44,4,12,6
"09c6c3783b4a70054da74f2538ed47c6",122,13,29,13
"fd2c5e4680d9a01dba3aada5ece22270",197,22,55,12
"a8240cb8235e9c493a0c30607586166c",189,30,34,13
"571e0f7e2d992e738adff8b1bd43a521",81,8,30,6
"c7635bfd99248a2cdef8249ef7bfbef4",229,31,67,15
"4da04049a062f5adfe81b67dd755cecc",299,44,82,20
"9da187a7a191431db943a9a5a6fec6f4",163,25,40,9
"55b1927fdafef39c48e5b73b5d61ea60",168,20,43,8
"3fe78a8acf5fda99de95303940a2420c",69,17,19,1
"184260348236f9554fe9375772ff966e",87,17,34,7
"f7f580e11d00a75814d2ded41fe8e8fe",68,13,20,9
"8a3363abe792db2d8761d6403605aeb7",218,33,55,11
"e19347e1c3ca0c0b97de5fb3b690855a",239,34,70,15
"9c3b1830513cc3b8fc4b76635d32e692",215,39,61,8
"c21002f464c5fc5bee3b98ced83963b8",273,49,72,19
"8248a99e81e752cb9b41da3fc43fbe7f",106,14,24,7
"c6bff625bdb0393992c9d4db0c6bbe45",141,14,34,13
"571e0f7e2d992e738adff8b1bd43a521",240,28,61,14
"8ce6790cc6a94e65f17f908f462fae85",261,42,85,18
"884d79963bd8bc0ae9b13a1aa71add73",112,16,30,11
"c3e0c62ee91db8dc7382bde7419bb573",214,40,58,13
"0eec27c419d0fe24e53c90338cdc8bc6",10,3,1,1
"c7635bfd99248a2cdef8249ef7bfbef4",164,23,47,8
"45f31d16b1058d586fc3be7207b58053",10,1,2,0
"4a213d37242bdcad8e7300e202e7caa4",123,25,35,15
"7c9d0b1f96aebd7b5eca8c3edaa19ebb",102,18,32,6
"801c14f07f9724229175b8ef8b4585a8",106,15,29,6
"208e43f0e45c4c78cafadb83d2888cb6",161,18,37,10
"3a15c7d0bbe60300a39f76f8a5ba6896",89,11,27,6
"0eec27c419d0fe24e53c90338cdc8bc6",153,18,38,10
"147702db07145348245dc5a2f2fe5683",546,75,162,32
"b24d516bb65a5a58079f0f3526c87c57",400,59,110,26
"3a029f04d76d32e79367c4b3255dda4d",324,46,90,19
"a9078e8653368c9c291ae2f8b74012e7",115,15,34,7
"b24d516bb65a5a58079f0f3526c87c57",286,33,83,20
"43cca4b3de2097b9558efefd0ecc3588",506,82,131,27
"25df35de87aa441b88f22a6c2a830a17",312,45,88,17
"6c14da109e294d1e8155be8aa4b1ce8e",363,46,104,19
"1d72310edc006dadf2190caad5802983",564,82,157,37
"e3251075554389fe91d17a794861d47b",499,91,140,29
"6c14da109e294d1e8155be8aa4b1ce8e",352,58,102,28
"7e7e69ea3384874304911625ac34321c",383,54,118,23
"25df35de87aa441b88f22a6c2a830a17",353,57,110,22
"f7cade80b7cc92b991cf4d2806d6bd78",342,39,91,22
"a9eb812238f753132652ae09963a05e9",396,70,109,15
"e6d8545daa42d5ced125a4bf747b3688",492,70,130,32
"8e2cfdc275761edc592f73a076197c33",221,44,62,14
"b24d516bb65a5a58079f0f3526c87c57",312,43,91,20
"0ce2ffd21fc958d9ef0ee9ba5336e357",264,42,81,16
"33ceb07bf4eeb3da587e268d663aba1a",248,37,63,13
"68d13cf26c4b4f4f932e3eff990093ba",499,84,127,29
"905056c1ac1dad141560467e0a99e1cf",346,41,99,18
"285ab9448d2751ee57ece7f762c39095",363,50,97,21
"17326d10d511828f6b34fa6d751739e2",435,68,132,20
"b24d516bb65a5a58079f0f3526c87c57",380,63,95,16
"838e8afb1ca34354ac209f53d90c3a43",386,48,111,20
"f7cade80b7cc92b991cf4d2806d6bd78",406,71,129,30
"f7cade80b7cc92b991cf4d2806d6bd78",397,57,111,31
"e6d8545daa42d5ced125a4bf747b3688",341,47,95,22
"39e4973ba3321b80f37d9b55f63ed8b8",317,50,100,21
"2715518c875999308842e3455eda2fe3",361,53,108,26
"310ce61c90f3a46e340ee8257bc70e93",262,43,86,15
"e3251075554389fe91d17a794861d47b",258,38,65,20
"3a029f04d76d32e79367c4b3255dda4d",440,57,133,33
"a4d2f0d23dcc84ce983ff9157f8b7f88",446,70,119,28
"a9eb812238f753132652ae09963a05e9",319,37,101,23
"39e4973ba3321b80f37d9b55f63ed8b8",355,55,105,20
"3f67fd97162d20e6fe27748b5b372509",334,49,83,14
"a58149d355f02887dfbe55ebb2b64ba3",206,35,60,9
"c4851e8e264415c4094e4e85b0baa7cc",383,65,99,24
"193002e668758ea9762904da1a22337c",370,65,105,29
"838e8afb1ca34354ac209f53d90c3a43",285,50,71,16
"fb2fcd534b0ff3bbed73cc51df620323",427,71,133,24
"3948ead63a9f2944218de038d8934305",248,37,68,14
"b24d516bb65a5a58079f0f3526c87c57",525,84,126,28
"b495ce63ede0f4efc9eec62cb947c162",444,65,131,26
"eb86d510361fc23b59f18c1bc9802cc6",333,56,84,26
"193002e668758ea9762904da1a22337c",218,30,60,16
"a284df1155ec3e67286080500df36a9a",334,53,92,28
"884ce4bb65d328ecb03c598409e2b168",222,38,68,8
"33ceb07bf4eeb3da587e268d663aba1a",376,48,95,18
"f4573fc71c731d5c362f0d7860945b88",311,50,85,25
"cd758e8f59dfdf06a852adad277986ca",520,100,146,26
"b3ba8f1bee1238a2f37603d90b58898d",476,64,139,31
"7bccfde7714a1ebadf06c5f4cea752c1",405,52,101,22
"2715518c875999308842e3455eda2fe3",333,53,92,19
"1c65cef3dfd1e00c0b03923a1c591db4",459,76,158,31
"6c8dba7d0df1c4a79dd07646be9a26c8",380,61,120,21
"3f67fd97162d20e6fe27748b5b372509",176,31,45,13
"e00406144c1e7e35240afed70f34166a",292,45,76,13
"0ce2ffd21fc958d9ef0ee9ba5336e357",468,61,129,26
"5eac43aceba42c8757b54003a58277b5",448,70,116,33
"7e7e69ea3384874304911625ac34321c",378,60,121,23
"e034fb6b66aacc1d48f445ddfb08da98",559,79,153,38
"3210ddbeaa16948a702b6049b8d9a202",325,50,89,16
"3bf55bbad370a8fcad1d09b005e278c2",257,33,81,13
"2de5d16682c3c35007e4e92982f1a2ba",387,57,94,21
"f4573fc71c731d5c362f0d7860945b88",413,57,111,37
"2c89109d42178de8a367c0228f169bf8",192,30,58,12
"6a61d423d02a1c56250dc23ae7ff12f3",365,49,92,23
"b495ce63ede0f4efc9eec62cb947c162",316,44,89,18
"a58149d355f02887dfbe55ebb2b64ba3",340,43,94,16
"b24d516bb65a5a58079f0f3526c87c57",385,67,104,34
"f4573fc71c731d5c362f0d7860945b88",423,64,110,22
"39e4973ba3321b80f37d9b55f63ed8b8",278,37,85,18
"dc4c44f624d600aa568390f1f1104aa0",273,46,76,22
"a9078e8653368c9c291ae2f8b74012e7",569,81,153,37
"884ce4bb65d328ecb03c598409e2b168",395,54,114,25
"a58149d355f02887dfbe55ebb2b64ba3",366,58,124,18
"144a3f71a03ab7c4f46f9656608efdb2",329,53,95,16
"2c89109d42178de8a367c0228f169bf8",214,23,65,10
"905056c1ac1dad141560467e0a99e1cf",490,80,123,32
"b3ba8f1bee1238a2f37603d90b58898d",304,52,87,14
"3f67fd97162d20e6fe27748b5b372509",369,56,114,23
"310ce61c90f3a46e340ee8257bc70e93",300,49,81,20
"a9078e8653368c9c291ae2f8b74012e7",386,70,100,22
"7bccfde7714a1ebadf06c5f4cea752c1",398,56,92,24
"838e8afb1ca34354ac209f53d90c3a43",427,64,117,31
"7e7e69ea3384874304911625ac34321c",251,40,85,13
"6c8dba7d0df1c4a79dd07646be9a26c8",162,19,46,13
"c8ba76c279269b1c6bc8a07e38e78fa4",341,70,116,23
"b3ba8f1bee1238a2f37603d90b58898d",454,64,133,25
"6a61d423d02a1c56250dc23ae7ff12f3",293,50,81,31
"f4573fc71c731d5c362f0d7860945b88",356,60,88,24
"3948ead63a9f2944218de038d8934305",288,54,83,13
"eb86d510361fc23b59f18c1bc9802cc6",308,44,82,18
"e034fb6b66aacc1d48f445ddfb08da98",305,53,76,14
"4122cb13c7a474c1976c9706ae36521d",385,68,116,27
"b51a15f382ac914391a58850ab343b00",359,52,99,28
"2c89109d42178de8a367c0228f169bf8",463,81,125,30
"9683cc5f89562ea48e72bb321d9f03fb",199,15,26,13
"6a5889bb0190d0211a991f47bb19a777",32,3,7,1
"28e209b61a52482a0ae1cb9f5959c792",279,13,42,27
"f09696910bdd874a99cd74c8f05b5c44",398,22,49,16
"f09696910bdd874a99cd74c8f05b5c44",163,10,31,9
"5e1b18c4c6a6d31695acbae3fd70ecc6",154,7,30,9
"d282ef263719ab842e05382dc235f69e",152,11,17,9
"9cb67ffb59554ab1dabb65bcb370ddd9",58,3,7,2
"a50abba8132a77191791390c3eb19fe7",166,12,26,12
"996009f2374006606f4c0b0fda878af1",235,12,32,10
"dc960c46c38bd16e953d97cdeefdbc68",245,16,32,21
"8b0dc65f996f98fd178a9defd0efa077",138,10,17,10
"effc299a1addb07e7089f9b269c31f2f",162,9,32,4
"93fb9d4b16aa750c7475b6d601c35c2c",100,7,15,3
"0e3a37aa85a14e359df74fa77eded3f6",290,26,47,10
"6f3e29a35278d71c7f65495871231324",149,9,31,11
"980ecd059122ce2e50136bda65c25e07",233,16,37,15
"535ab76633d94208236a2e829ea6d888",182,11,25,9
"6c1da886822c67822bcf3679d04369fa",98,6,20,7
"a9be4c2a4041cadbf9d61ae16dd1389e",54,3,5,4
"4476b929e30dd0c4e8bdbcc82c6ba23a",217,7,29,10
"c73dfe6c630edb4c1692db67c510f65c",25,2,2,2
"0e3a37aa85a14e359df74fa77eded3f6",70,2,7,1
"dfd7468ac613286cdbb40872c8ef3b06",95,7,12,5
"a223c6b3710f85df22e9377d6c4f7553",170,9,27,9
"86109d400f0ed29e840b47ed72777c84",194,6,26,11
"6f3e29a35278d71c7f65495871231324",147,2,20,8
"5e1b18c4c6a6d31695acbae3fd70ecc6",204,6,26,12
"bcc0d400288793e8bdcd7c19a8ac0c2b",161,6,25,12
"9cb67ffb59554ab1dabb65bcb370ddd9",143,12,26,6
"8d3369c4c086f236fabf61d614a32818",101,5,17,7
"c73dfe6c630edb4c1692db67c510f65c",133,6,11,10
"861dc9bd7f4e7dd3cccd534d0ae2a2e9",84,8,11,4
"17fafe5f6ce2f1904eb09d2e80a4cbf6",344,16,48,23
"4c22bd444899d3b6047a10b20a2f26db",103,8,16,5
"6f3e29a35278d71c7f65495871231324",158,10,36,4
"ee8374ec4e4ad797d42350c904d73077",157,5,23,11
"3546ab441e56fa333f8b44b610d95691",36,3,2,4
"ff49cc40a8890e6a60f40ff3026d2730",189,12,22,16
"cf9a242b70f45317ffd281241fa66502",92,6,16,5
"5caf41d62364d5b41a893adc1a9dd5d4",162,9,15,7
"d1ee59e20ad01cedc15f5118a7626099",224,14,45,20
"f93882cbd8fc7fb794c1011d63be6fb6",240,19,41,17
"f93882cbd8fc7fb794c1011d63be6fb6",151,12,21,6
"6c1da886822c67822bcf3679d04369fa",348,21,54,29
"ee8374ec4e4ad797d42350c904d73077",175,11,33,3
"28e209b61a52482a0ae1cb9f5959c792",193,12,26,14
"f09696910bdd874a99cd74c8f05b5c44",135,10,20,5
"f09696910bdd874a99cd74c8f05b5c44",145,12,26,5
"674bfc5f6b72706fb769f5e93667bd23",34,2,6,3
"3e313b9badf12632cdae5452d20e1af6",48,8,4,1
"8b0dc65f996f98fd178a9defd0efa077",205,10,31,14
"28e209b61a52482a0ae1cb9f5959c792",166,3,18,11
"f3f1b7fc5a8779a9e618e1f23a7b7860",325,14,54,14
"4476b929e30dd0c4e8bdbcc82c6ba23a",10,0,2,0
"01e9565cecc4e989123f9620c1d09c09",148,6,22,6
"ee8374ec4e4ad797d42350c904d73077",56,1,10,5
"05311655a15b75fab86956663e1819cd",33,1,4,2
"50905d7b2216bfeccb5b41016357176b",230,18,45,19
"535ab76633d94208236a2e829ea6d888",12,0,0,0
"c70daf247944fe3add32218f914c75a6",57,2,7,4
"f3f1b7fc5a8779a9e618e1f23a7b7860",267,19,40,22
"a223c6b3710f85df22e9377d6c4f7553",72,4,10,3
"82965d4ed8150294d4330ace00821d77",270,21,38,13
"1ee3dfcd8a0645a25a35977997223d22",130,12,16,6
"2df45244f09369e16ea3f9117ca45157",125,7,19,7
"a50abba8132a77191791390c3eb19fe7",170,12,27,5
"82965d4ed8150294d4330ace00821d77",135,6,14,8
"d10ec7c16cbe9de8fbb1c42787c3ec26",141,9,23,6
"861dc9bd7f4e7dd3cccd534d0ae2a2e9",246,16,31,18
"4671aeaf49c792689533b00664a5c3ef",204,15,34,18
"dc960c46c38bd16e953d97cdeefdbc68",156,8,21,9
"e077e1a544eec4f0307cf5c3c721d944",114,12,18,6
"d1ee59e20ad01cedc15f5118a7626099",253,15,36,17
"05311655a15b75fab86956663e1819cd",278,19,37,16
"9cb67ffb59554ab1dabb65bcb370ddd9",46,2,5,5
"f09696910bdd874a99cd74c8f05b5c44",129,6,23,7
"f09696910bdd874a99cd74c8f05b5c44",107,7,10,6
"ff49cc40a8890e6a60f40ff3026d2730",231,18,24,13
"c70daf247944fe3add32218f914c75a6",94,4,16,8
"01e9565cecc4e989123f9620c1d09c09",285,12,43,19
"ff49cc40a8890e6a60f40ff3026d2730",197,16,30,13
"fe51510c80bfd6e5d78a164cd5b1f688",131,6,23,5
"f29b38f160f87ae86df31cee1982066f",10,0,1,0
"f9be311e65d81a9ad8150a60844bb94c",126,10,17,12
"c70daf247944fe3add32218f914c75a6",390,33,56,20
"8d3369c4c086f236fabf61d614a32818",10,1,1,0
"1ee3dfcd8a0645a25a35977997223d22",237,16,45,12
"996009f2374006606f4c0b0fda878af1",52,3,9,5
"4476b929e30dd0c4e8bdbcc82c6ba23a",47,2,3,4
"4f87658ef0de194413056248a00ce009",10,2,0,2
"bb7946e7d85c81a9e69fee1cea4a087c",47,3,10,1
"effc299a1addb07e7089f9b269c31f2f",168,12,22,8
"3e313b9badf12632cdae5452d20e1af6",264,14,43,13
"d10ec7c16cbe9de8fbb1c42787c3ec26",312,14,51,21
"3546ab441e56fa333f8b44b610d95691",235,14,29,17
"ff49cc40a8890e6a60f40ff3026d2730",361,26,56,18
"9cb67ffb59554ab1dabb65bcb370ddd9",220,13,34,5
"d1ee59e20ad01cedc15f5118a7626099",163,15,29,9
"effc299a1addb07e7089f9b269c31f2f",73,4,13,5
"6d9c547cf146054a5a720606a7694467",402,27,59,32
"80a8155eb153025ea1d513d0b2c4b675",420,31,62,37
"db6ebd0566994d14a1767f14eb6fba81",445,27,74,26
"8fb5f8be2aa9d6c64a04e3ab9f63feee",217,7,25,10
"cec6f62cfb44b1be110b7bf70c8362d8",403,26,49,37
"28fc2782ea7ef51c1104ccf7b9bea13d",446,33,72,29
"ad71c82b22f4f65b9398f76d8be4c615",394,30,60,24
"299fb2142d7de959380f91c01c3a293c",390,23,56,26
"28fc2782ea7ef51c1104ccf7b9bea13d",473,30,72,31
"0e4e946668cf2afc4299b462b812caca",337,20,56,16
"7895fc13088ee37f511913bac71fa66f",335,20,53,18
"3bbfdde8842a5c44a0323518eec97cbe",432,20,64,30
"4dcae38ee11d3a6606cc6cd636a3628b",341,18,48,25
"56352739f59643540a3a6e16985f62c7",390,17,61,26
"23ad3e314e2a2b43b4c720507cec0723",173,8,24,10
"e94f63f579e05cb49c05c2d050ead9c0",256,19,37,11
"3de2334a314a7a72721f1f74a6cb4cee",378,19,49,20
"970af30e481057c48f87e101b61e6994",354,28,50,21
"80a8155eb153025ea1d513d0b2c4b675",404,23,59,25
"cec6f62cfb44b1be110b7bf70c8362d8",250,13,31,15
"3de2334a314a7a72721f1f74a6cb4cee",353,18,57,22
"9a1756fd0c741126d7bbd4b692ccbd91",209,12,28,14
"1f3202d820180a39f736f20fce790de8",293,23,50,18
"4edaa105d5f53590338791951e38c3ad",269,16,35,18
"3de2334a314a7a72721f1f74a6cb4cee",199,12,35,13
"8fb5f8be2aa9d6c64a04e3ab9f63feee",156,8,28,16
"489d0396e6826eb0c1e611d82ca8b215",162,15,23,8
"299fb2142d7de959380f91c01c3a293c",319,18,62,18
"6786f3c62fbf9021694f6e51cc07fe3c",248,17,39,13
"970af30e481057c48f87e101b61e6994",364,34,55,14
"9aa42b31882ec039965f3c4923ce901b",334,27,44,21
"46771d1f432b42343f56f791422a4991",485,32,80,19
"489d0396e6826eb0c1e611d82ca8b215",174,11,25,9
"30c8e1ca872524fbf7ea5c519ca397ee",354,27,57,16
"f4a331b7a22d1b237565d8813a34d8ac",463,25,68,25
"ad71c82b22f4f65b9398f76d8be4c615",292,13,48,23
"970af30e481057c48f87e101b61e6994",454,20,73,30
"411ae1bf081d1674ca6091f8c59a266f",290,13,38,22
"e94f63f579e05cb49c05c2d050ead9c0",295,21,52,24
"c930eecd01935feef55942cc445f708f",330,27,55,16
"1abb1e1ea5f481b589da52303b091cbb",339,14,49,24
"2dffbc474aa176b6dc957938c15d0c8b",384,26,59,19
"b7087c1f4f89e63af8d46f3b20271153",354,20,57,27
"7b5b23f4aadf9513306bcd59afb6e4c9",431,20,63,22
"e94f63f579e05cb49c05c2d050ead9c0",297,20,52,14
"512c5cad6c37edb98ae91c8a76c3a291",360,22,60,18
"a8f8f60264024dca151f164729b76c0b",317,11,45,26
"6d9c547cf146054a5a720606a7694467",320,20,62,27
"c913303f392ffc643f7240b180602652",415,30,56,27
"db6ebd0566994d14a1767f14eb6fba81",379,15,53,34
"0ed9422357395a0d4879191c66f4faa2",421,21,64,26
"80a8155eb153025ea1d513d0b2c4b675",394,31,64,15
"991de292e76f74f3c285b3f6d57958d5",336,20,55,23
"c913303f392ffc643f7240b180602652",433,26,63,25
"fe70c36866add1572a8e2b96bfede7bf",191,11,29,10
"309928d4b100a5d75adff48a9bfc1ddb",382,31,57,24
"540ae6b0f6ac6e155062f3dd4f0b2b01",348,28,68,18
"1f3202d820180a39f736f20fce790de8",439,25,67,21
"c5cc17e395d3049b03e0f1ccebb02b4d",395,26,53,22
"856fc81623da2150ba2210ba1b51d241",211,10,29,13
"9aa42b31882ec039965f3c4923ce901b",218,14,28,18
"8fb21ee7a2207526da55a679f0332de2",352,22,51,24
"6d9c547cf146054a5a720606a7694467",421,22,67,23
"80a8155eb153025ea1d513d0b2c4b675",310,22,36,16
"eaa32c96f620053cf442ad32258076b9",531,21,73,35
"6d9c547cf146054a5a720606a7694467",314,21,53,24
"6d9cb7de5e8ac30bd5e8734bc96a35c1",160,12,23,10
"ad71c82b22f4f65b9398f76d8be4c615",392,21,60,18
"c5cc17e395d3049b03e0f1ccebb02b4d",317,21,47,18
"411ae1bf081d1674ca6091f8c59a266f",343,20,55,16
"6786f3c62fbf9021694f6e51cc07fe3c",380,29,68,28
"f69e505b08403ad2298b9f262659929a",373,19,62,21
"4edaa105d5f53590338791951e38c3ad",229,16,31,8
"e11943a6031a0e6114ae69c257617980",424,20,55,24
"7b5b23f4aadf9513306bcd59afb6e4c9",424,31,71,22
"411ae1bf081d1674ca6091f8c59a266f",251,22,39,16
"8fb5f8be2aa9d6c64a04e3ab9f63feee",317,18,46,22
"6d9c547cf146054a5a720606a7694467",399,23,67,26
"299fb2142d7de959380f91c01c3a293c",491,26,71,24
"afe434653a898da20044041262b3ac74",301,11,50,14
"536a76f94cf7535158f66cfbd4b113b6",324,22,49,25
"536a76f94cf7535158f66cfbd4b113b6",231,21,33,15
"23ad3e314e2a2b43b4c720507cec0723",179,10,31,8
"28fc2782ea7ef51c1104ccf7b9bea13d",444,39,70,25
"9701a1c165dd9420816bfec5edd6c2b1",347,22,54,18
"4dcae38ee11d3a6606cc6cd636a3628b",315,17,51,23
"b265ce60fe4c5384e622b09eb829b8df",281,15,29,19
"1abb1e1ea5f481b589da52303b091cbb",507,34,76,20
"970af30e481057c48f87e101b61e6994",255,12,33,11
"eaa32c96f620053cf442ad32258076b9",337,20,44,21
"a424ed4bd3a7d6aea720b86d4a360f75",315,17,42,21
"c913303f392ffc643f7240b180602652",285,22,34,22
"2dffbc474aa176b6dc957938c15d0c8b",268,8,42,15
"28fc2782ea7ef51c1104ccf7b9bea13d",379,24,55,15
"1abb1e1ea5f481b589da52303b091cbb",475,29,72,31
"7895fc13088ee37f511913bac71fa66f",209,7,32,20
"e11943a6031a0e6114ae69c257617980",286,19,39,10
"856fc81623da2150ba2210ba1b51d241",139,8,23,10
"991de292e76f74f3c285b3f6d57958d5",187,8,24,13
"c5cc17e395d3049b03e0f1ccebb02b4d",400,22,63,27
"0c8ce55163055c4da50a81e0a273468c",175,27,28,7
"35309226eb45ec366ca86a4329a2b7c3",54,3,10,4
"99adff456950dd9629a5260c4de21858",335,44,49,18
"81c8727c62e800be708dbf37c4695dff",241,29,39,23
"bc7316929fe1545bf0b98d114ee3ecb8",217,26,32,17
"109d2dd3608f669ca17920c511c2a41e",319,58,49,24
"3fb451ca2e89b3a13095b059d8705b15",10,3,1,1
"ebd6d2f5d60ff9afaeda1a81fc53e2d0",158,26,20,11
"b5488aeff42889188d03c9895255cecc",56,14,6,2
"49b8b4f95f02e055801da3b4f58e28b7",10,3,0,0
"cfa5301358b9fcbe7aa45b1ceea088c6",170,28,30,10
"0c9ebb2ded806d7ffda75cd0b95eb70c",113,17,12,5
"e60e81c4cbe5171cd654662d9887aec2",270,44,37,12
"b5488aeff42889188d03c9895255cecc",173,35,30,6
"1cd3882394520876dc88d1472aa2a93f",108,21,17,6
"0f3d014eead934bbdbacb62a01dc4831",142,20,23,8
"8c00dee24c9878fea090ed070b44f1ab",83,16,17,5
"0c8ce55163055c4da50a81e0a273468c",265,31,40,16
"5cce8dede893813f879b873962fb669f",212,37,35,14
"42d6c7d61481d1c21bd1635f59edae05",193,35,23,14
"109d2dd3608f669ca17920c511c2a41e",109,15,14,8
"49b8b4f95f02e055801da3b4f58e28b7",56,7,8,1
"cfa5301358b9fcbe7aa45b1ceea088c6",175,33,19,11
"81c8727c62e800be708dbf37c4695dff",112,16,14,4
"77f959f119f4fb2321e9ce801e2f5163",21,1,1,0
"35309226eb45ec366ca86a4329a2b7c3",7,0,0,0
"99adff456950dd9629a5260c4de21858",154,21,27,9
"77f959f119f4fb2321e9ce801e2f5163",98,15,9,5
"ebd6d2f5d60ff9afaeda1a81fc53e2d0",182,28,25,18
"ebb71045453f38676c40deb9864f811d",32,6,3,3
"4dcf435435894a4d0972046fc566af76",112,19,19,5
"1cd3882394520876dc88d1472aa2a93f",206,35,33,20
"ebb71045453f38676c40deb9864f811d",123,15,14,5
"77f959f119f4fb2321e9ce801e2f5163",145,20,16,12
"cb8acb1dc9821bf74e6ca9068032d623",58,9,12,3
"42d6c7d61481d1c21bd1635f59edae05",83,12,14,4
"08040837089cdf46631a10aca5258e16",234,28,41,11
"0c9ebb2ded806d7ffda75cd0b95eb70c",149,25,23,12
"1cd3882394520876dc88d1472aa2a93f",240,43,25,8
"df12ecd077efc8c23881028604dbb8cc",77,15,17,2
"cfa5301358b9fcbe7aa45b1ceea088c6",211,37,27,12
"d63fbf8c3173730f82b150c5ef38b8ff",19,1,1,1
"35309226eb45ec366ca86a4329a2b7c3",65,9,7,2
"b5488aeff42889188d03c9895255cecc",59,6,10,3
"bc7316929fe1545bf0b98d114ee3ecb8",40,4,12,3
"aa486f25175cbdc3854151288a645c19",243,33,38,14
"253f7b5d921338af34da817c00f42753",247,35,38,16
"41a60377ba920919939d83326ebee5a1",302,50,48,15
"5cce8dede893813f879b873962fb669f",88,12,15,5
"77f959f119f4fb2321e9ce801e2f5163",238,32,43,12
"f3173935ed8ac4bf073c1bcd63171f8a",148,20,24,16
"42a3964579017f3cb42b26605b9ae8ef",305,45,44,24
"69d658d0b2859e32cd4dc3b970c8496c",385,59,55,19
"5c50b4df4b176845cd235b6a510c6903",307,44,39,18
"0771fc6f0f4b1d7d1bb73bbbe14e0e31",315,48,56,22
"c559da2ba967eb820766939a658022c8",354,42,48,25
"6ba3af5d7b2790e73f0de32e5c8c1798",425,69,61,25
"69d658d0b2859e32cd4dc3b970c8496c",308,50,58,16
"f18a6d1cde4b205199de8729a6637b42",313,50,45,15
"52947e0ade57a09e4a1386d08f17b656",378,49,55,24
"297fa7777981f402dbba17e9f29e292d",425,68,53,29
"52947e0ade57a09e4a1386d08f17b656",385,44,55,26
"c7af0926b294e47e52e46cfebe173f20",423,51,81,32
"6dd4e10e3296fa63738371ec0d5df818",183,26,32,16
"f3173935ed8ac4bf073c1bcd63171f8a",267,50,40,17
"21fe5b8ba755eeaece7a450849876228",311,43,51,17
"9327969053c0068dd9e07c529866b94d",261,34,42,20
"a981f2b708044d6fb4a71a1463242520",432,60,70,25
"69d658d0b2859e32cd4dc3b970c8496c",339,51,56,22
"e9fd7c2c6623306db59b6aef5c0d5cac",376,47,48,26
"f60bb6bb4c96d4df93c51bd69dcc15a0",250,38,42,7
"42a3964579017f3cb42b26605b9ae8ef",266,32,31,22
"f60bb6bb4c96d4df93c51bd69dcc15a0",474,75,78,32
"806beafe154032a5b818e97b4420ad98",509,84,81,21
"0771fc6f0f4b1d7d1bb73bbbe14e0e31",606,100,90,32
"fc528592c3858f90196fbfacc814f235",366,49,58,16
"1bc0249a6412ef49b07fe6f62e6dc8de",467,77,72,24
"a981f2b708044d6fb4a71a1463242520",230,30,45,12
"9327969053c0068dd9e07c529866b94d",498,75,78,21
"9597353e41e6957b5e7aa79214fcb256",392,56,58,18
"69d658d0b2859e32cd4dc3b970c8496c",340,33,34,14
"52947e0ade57a09e4a1386d08f17b656",243,43,43,14
"c7af0926b294e47e52e46cfebe173f20",241,40,38,16
"6dd4e10e3296fa63738371ec0d5df818",423,62,62,32
"806beafe154032a5b818e97b4420ad98",337,43,60,15
"495dabfd0ca768a3c3abd672079f48b6",472,67,67,25
"6ba3af5d7b2790e73f0de32e5c8c1798",319,46,49,18
"f60bb6bb4c96d4df93c51bd69dcc15a0",308,51,50,16
"a2cc63e065705fe938a4dda49092966f",476,71,81,28
"9e984c108157cea74c894b5cf34efc44",299,50,51,22
"f3173935ed8ac4bf073c1bcd63171f8a",342,55,69,20
"42a3964579017f3cb42b26605b9ae8ef",287,42,47,11
"97d0145823aeb8ed80617be62e08bdcc",136,18,24,11
"52947e0ade57a09e4a1386d08f17b656",363,55,64,24
"f60bb6bb4c96d4df93c51bd69dcc15a0",139,31,27,5
"c7af0926b294e47e52e46cfebe173f20",253,39,39,15
"495dabfd0ca768a3c3abd672079f48b6",341,43,54,25
"f60bb6bb4c96d4df93c51bd69dcc15a0",332,64,59,18
"806beafe154032a5b818e97b4420ad98",359,49,54,31
"0771fc6f0f4b1d7d1bb73bbbe14e0e31",436,46,73,25
"c4ca4238a0b923820dcc509a6f75849b",101,15,9,8
"c4ca4238a0b923820dcc509a6f75849b",255,6,90,3
